Sample_ID,Accession,Latitude,Longitude,fs_level_4,Year_of_Collection,Country,cytb_G143A,erg24_D137E,erg24_Y165F,erg24_F289H,erg24_D291N,erg24_H239N,erg24_V295L,erg24_F316S,erg24_L357F,cyp51_S79T,cyp51_Y136F,cyp51_K175N,cyp51_S509T,cyp51_I3K,cyp51_L236F,cyp51_T271S,cn_ratio,cn_interpretation,Europe+,Europe+_recent,temporal,cyp51_IBD_cluster
94202,SRR7642213,47.52222222,8.82583333,N_EUR,1994,Switzerland,G,D,Y,F,D,H,V,F,L,S,Y,K,S,I,L,T,2.143717713,2,yes,no,yes,
96224,SRR7642214,47.47444444,8.65583333,N_EUR,1996,Switzerland,G,D,F,F,D,H,L,F,L,S,Y,K,S,I,L,T,1.92968562,2,yes,no,yes,
CHE_07224,SRR11548211,NA,NA,N_EUR,2007,Switzerland,G,D,Y,F,D,H,L,F,L,T,F,N,S,I,L,T,4.60185155,5,yes,no,yes,
CHE_07227,SRR11548210,NA,NA,N_EUR,2007,Switzerland,A,D,F,F,D,H,L,F,L,T,F,N,S,I,L,T,3.644193206,4,yes,no,yes,
CHE_07230,SRR11548209,NA,NA,N_EUR,2007,Switzerland,A,D,Y,H,D,H,V,F,L,T,F,N,S,I,L,T,4.02033784,4,yes,no,yes,
CHE_07234,SRR11548208,NA,NA,N_EUR,2007,Switzerland,A,D,Y,H,D,H,V,F,L,T,F,N,S,I,L,T,3.902974476,4,yes,no,yes,
CHE_07298,SRR11548207,NA,NA,N_EUR,2007,Switzerland,G,D,Y,F,D,H,L,F,L,T,F,N,S,I,L,T,3.855960862,4,yes,no,yes,
CHE_10001,SRR11548206,47.42886,8.515962,N_EUR,2010,Switzerland,A,D,F,F,D,H,L,F,L,T,F,N,S,I,L,T,3.231773393,3,yes,no,yes,
CHE_7004,SRR2153097,47.42886,8.515962,N_EUR,2007,Switzerland,A,D,Y,F,D,H,L,F,L,T,F,N,S,I,L,T,2.95510677,3,yes,no,yes,
CHE_96229,SRR11548205,47.53277778,8.85972222,N_EUR,1996,Switzerland,G,D,Y,F,D,H,V,F,L,S,F,K,S,I,L,T,2.858408752,3,yes,no,yes,
CHE_96249,SRR11548204,46.54777778,6.41527778,N_EUR,1996,Switzerland,G,D,Y,F,D,H,L,F,L,S,Y,K,S,I,L,T,2.818303466,3,yes,no,yes,
CHE_97223,SRR11548203,47.06694444,7.24916667,N_EUR,1997,Switzerland,G,D,F,F,D,H,L,F,L,S,Y,K,S,I,L,T,3.129961247,3,yes,no,yes,
CHE_97266,SRR11548201,46.84166667,6.96638889,N_EUR,1997,Switzerland,G,D,Y,F,D,H,V,F,L,S,F,K,S,I,L,T,3.673895896,4,yes,no,yes,
CHE_98013,SRR11548200,46.383333,6.233333,N_EUR,1998,Switzerland,G,D,Y,F,D,H,L,F,L,T,F,N,S,I,L,T,4.853722104,5,yes,no,yes,
CHE_98230,SRR11548199,47.216667,8.241944,N_EUR,1998,Switzerland,G,D,F,F,D,H,L,F,L,S,F,K,S,I,L,T,3.93810108,4,yes,no,yes,
CHE_98250,SRR11548198,47.216667,8.241944,N_EUR,1998,Switzerland,G,D,Y,F,D,H,L,F,L,S,F,K,S,I,L,T,3.771410702,4,yes,no,yes,
CHNY072301,ERR13759321,46.39858333,6.23344444,N_EUR,2023,Switzerland,G,D,Y,F,D,H,L,F,L,T,F,N,S,I,L,T,2.847498025,3,yes,yes,yes,i
CHST042201,ERR13759366,47.236404,8.734663,N_EUR,2022,Switzerland,G,D,Y,F,D,H,L,F,L,T,F,N,S,I,L,T,3.512235116,4,yes,yes,yes,
CHTG062201,ERR13759364,47.55395789,9.226681129,N_EUR,2022,Switzerland,A,D,Y,F,D,H,L,F,L,T,F,N,S,I,L,T,3.260128546,3,yes,yes,yes,i
CHVD042201,ERR12982984,46.45,6.25,N_EUR,2022,Switzerland,G,D,Y,F,D,H,L,F,L,T,F,N,S,I,L,T,3.702920086,4,yes,yes,yes,i
CHZR022201,ERR13758446,47.356058,8.59774,N_EUR,2022,Switzerland,G,D,Y,F,D,H,L,F,L,T,F,N,S,I,L,T,2.824680924,3,yes,yes,yes,i
CHZR042202,ERR13759373,47.407442,8.559812,N_EUR,2022,Switzerland,G,D,F,F,D,H,L,F,L,T,F,N,S,I,L,T,5.059011178,5,yes,yes,yes,i
CHZR042301,ERR13759372,47.353907,8.625124,N_EUR,2023,Switzerland,A,D,Y,F,D,H,L,F,L,T,F,N,S,I,L,T,4.472645282,4,yes,yes,yes,i
CHZR042302,ERR13759371,47.356058,8.59774,N_EUR,2023,Switzerland,G,D,Y,F,D,H,L,F,L,T,F,N,S,I,L,T,2.657337292,3,yes,yes,yes,i
CHZR052205,ERR13759369,47.356058,8.59774,N_EUR,2022,Switzerland,A,D,Y,H,D,H,V,F,L,T,F,N,S,I,L,T,3.738439674,4,yes,yes,yes,i
CHZR062208,ERR13759374,47.348098,8.624128,N_EUR,2022,Switzerland,G,D,Y,F,D,H,L,F,L,T,F,N,S,I,L,T,4.775800724,5,yes,yes,yes,i
CZKA042201,ERR13759381,49.2849792,17.3643381,N_EUR,2022,Czech Republic,A,D,F,F,D,H,L,F,L,T,F,N,S,I,L,T,1.786005311,2,yes,yes,no,
CZKA042204,ERR13759376,49.2849792,17.3643381,N_EUR,2022,Czech Republic,G,D,Y,H,D,H,V,F,L,S,F,K,T,I,L,T,2.490029152,2,yes,yes,no,ii
CZKA042205,ERR13759379,49.2849792,17.3643381,N_EUR,2022,Czech Republic,A,D,F,F,D,H,L,F,L,T,F,N,S,I,L,T,3.912485511,4,yes,yes,no,v
CZKA052301,ERR13759375,49.2899058,17.3658633,S_EUR2,2023,Czech Republic,A,D,F,F,D,H,L,F,L,T,F,N,S,I,L,T,3.749245085,4,yes,yes,no,iv
CZKA052302,ERR13759377,49.2899058,17.3658633,N_EUR,2023,Czech Republic,G,D,Y,F,D,H,V,F,L,T,F,N,S,I,L,T,3.586804692,4,yes,yes,no,i
CZPR052201,ERR13759383,50.081499,14.309154,N_EUR,2022,Czech Republic,G,D,Y,F,D,H,L,F,L,S,Y,K,T,I,L,T,2.028825676,2,yes,yes,no,ii
CZPR052202,ERR13759385,50.081499,14.309154,N_EUR,2022,Czech Republic,A,D,F,F,D,H,L,F,L,S,F,K,T,I,L,T,2.966387946,3,yes,yes,no,ii
CZPR052203,ERR13759438,50.08778,14.28088,N_EUR,2022,Czech Republic,G,D,Y,F,D,H,L,F,L,T,F,N,S,I,L,T,3.599157096,4,yes,yes,no,i
CZPR052204,ERR13759387,50.00088702,14.5598933,N_EUR,2022,Czech Republic,A,D,Y,F,N,H,V,F,L,S,Y,K,S,I,L,T,1.91828306,2,yes,yes,no,ii
CZPR052205,ERR13759388,50.00088702,14.5598933,N_EUR,2022,Czech Republic,A,D,F,F,D,H,L,F,L,T,F,N,S,I,L,T,5.039174154,5,yes,yes,no,i
CZUH042202,ERR13759386,49.0835897,17.464465,N_EUR,2022,Czech Republic,A,D,Y,F,N,H,V,F,L,S,F,K,S,I,L,T,1.891387028,2,yes,yes,no,ii
CZUH042203,ERR13759441,49.0835897,17.464465,N_EUR,2022,Czech Republic,G,D,F,F,D,H,L,F,L,T,F,N,S,I,L,T,4.074010471,4,yes,yes,no,i
CZUH042204,ERR13759442,49.0835897,17.464465,N_EUR,2022,Czech Republic,G,D,Y,F,D,H,L,F,L,T,F,N,S,I,L,T,3.363200268,3,yes,yes,no,vi
CZUH042205,ERR13759443,49.0835897,17.464465,N_EUR,2022,Czech Republic,A,D,Y,F,D,H,L,F,L,T,F,N,S,I,L,T,4.234393561,4,yes,yes,no,v
CZUH042206,ERR13759445,49.0835897,17.464465,N_EUR,2022,Czech Republic,A,D,Y,F,D,H,L,F,L,S,Y,K,T,I,L,T,1.762597139,2,yes,yes,no,
CZUH052301,ERR13759447,49.0775319,17.4611247,N_EUR,2023,Czech Republic,G,D,Y,F,D,H,L,F,L,T,F,N,S,I,L,T,2.711110603,3,yes,yes,no,i
CZUH052302,ERR13759448,49.0775319,17.4611247,N_EUR,2023,Czech Republic,G,D,F,F,D,H,L,F,L,S,Y,K,S,I,L,T,1.820791605,2,yes,yes,no,iv
DEBD052307,ERR13759452,52.460509,13.297172,N_EUR,2023,Germany,G,D,Y,F,N,H,V,F,L,T,F,N,S,I,L,T,3.68207605,4,yes,yes,no,i
DEBD052318,ERR13759454,52.460509,13.297172,S_EUR1,2023,Germany,A,D,Y,F,D,H,L,F,L,T,F,N,S,I,L,T,4.443298419,4,yes,yes,no,vi
DEBE032202,ERR13759456,52.53295,13.403097,N_EUR,2022,Germany,G,D,Y,F,D,H,L,F,L,T,F,N,S,I,L,T,4.351270248,4,yes,yes,no,i
DEBE032203,ERR13759458,52.53295,13.403097,N_EUR,2022,Germany,G,D,Y,F,D,H,L,F,L,S,F,K,T,I,L,T,2.687096613,3,yes,yes,no,ii
DEBE052301,ERR13759459,52.53295,13.403097,N_EUR,2023,Germany,A,D,Y,H,D,H,L,F,L,S,F,K,T,I,L,T,2.616090372,3,yes,yes,no,vii
DEBE052302,ERR13759457,52.53295,13.403097,N_EUR,2023,Germany,A,D,Y,H,D,H,V,F,L,S,F,K,T,I,L,T,2.83904869,3,yes,yes,no,ii
DECO042201,ERR13759463,50.956411,6.858728,N_EUR,2022,Germany,A,D,Y,F,D,H,L,F,L,T,F,N,S,I,L,T,3.631184569,4,yes,yes,no,i
DECO042202,ERR13759468,50.956411,6.858728,N_EUR,2022,Germany,A,D,Y,H,D,H,V,F,L,S,F,K,S,I,L,T,1.955198993,2,yes,yes,no,ii
DECO042203,ERR13759462,50.956411,6.858728,N_EUR,2022,Germany,A,D,Y,F,D,H,L,F,L,S,F,K,T,I,L,T,2.508518705,3,yes,yes,no,ii
DECO042204,ERR13759466,50.956411,6.858728,N_EUR,2022,Germany,A,D,F,F,D,H,L,F,L,T,F,N,S,I,L,T,4.244071866,4,yes,yes,no,i
DEDO072301,ERR13759467,51.456504,7.526609,N_EUR,2023,Germany,G,D,Y,F,D,H,L,F,L,T,F,N,S,I,L,T,3.720722017,4,yes,yes,no,i
DEDO072302,ERR13759464,51.456504,7.526609,N_EUR,2023,Germany,A,D,Y,F,D,H,L,F,L,T,F,N,S,I,L,T,3.766541091,4,yes,yes,no,i
DEGO062303,ERR13759465,51.529278,9.891861,N_EUR,2023,Germany,A,D,Y,F,D,H,L,F,L,T,F,N,S,I,L,T,4.556476419,5,yes,yes,no,i
DEHA062201,ERR13759469,53.55291321,10.01539673,N_EUR,2022,Germany,A,D,Y,H,D,H,V,F,L,S,F,K,T,I,L,T,2.648853175,3,yes,yes,no,ii
DEHI052201,ERR13759497,51.912571,7.636333,N_EUR,2022,Germany,A,D,Y,F,D,H,L,F,L,S,F,K,T,I,L,T,2.614870883,3,yes,yes,no,ii
DEHO062206,ERR13759474,48.737211,9.20339,N_EUR,2022,Germany,G,D,Y,F,D,H,L,F,L,T,F,N,S,I,L,T,4.771490589,5,yes,yes,no,i
DEHO062208,ERR13759476,48.737211,9.20339,N_EUR,2022,Germany,A,D,F,F,D,H,L,F,L,T,F,N,S,I,L,T,3.527702878,4,yes,yes,no,i
DEHO062211,ERR13759514,48.737211,9.20339,N_EUR,2022,Germany,A,D,Y,F,N,H,V,F,L,T,F,N,S,I,L,T,3.49697764,3,yes,yes,no,
DEHO062214,ERR13759513,48.737211,9.20339,N_EUR,2022,Germany,A,D,Y,F,D,H,L,F,L,T,F,N,S,I,L,T,3.715610871,4,yes,yes,no,iv
DEHO062215,ERR13759519,48.737211,9.20339,N_EUR,2022,Germany,A,D,Y,F,D,H,L,F,L,S,F,K,T,I,L,T,2.721592405,3,yes,yes,no,iv
DEHO062232,ERR13759518,48.715945,9.189,N_EUR,2022,Germany,A,D,Y,F,D,H,L,F,L,T,F,N,S,I,L,T,3.827561408,4,yes,yes,no,i
DEHO062233,ERR13759527,48.712669,9.196224,N_EUR,2022,Germany,G,D,F,F,D,H,L,F,L,T,F,N,S,I,L,T,4.501481838,5,yes,yes,no,iv
DEHO062240,ERR13759521,48.712669,9.196224,N_EUR,2022,Germany,A,D,Y,F,D,H,L,F,L,T,F,N,S,I,L,T,4.133805689,4,yes,yes,no,i
DEHO062314,ERR13759524,48.7402585,9.2026698,N_EUR,2023,Germany,G,D,Y,F,D,H,L,F,L,T,F,N,S,I,L,T,4.564126048,5,yes,yes,no,i
DEHO062320,ERR13759525,48.712513,9.1941663,N_EUR,2023,Germany,A,D,Y,H,D,H,V,F,L,T,F,N,S,I,L,T,4.404947197,4,yes,yes,no,i
DELO042201,ERR13759523,48.931292,8.868213,N_EUR,2022,Germany,A,D,Y,F,D,H,L,F,L,T,F,N,S,I,L,T,4.036456626,4,yes,yes,no,i
DELO042203,ERR13759528,48.931292,8.868213,N_EUR,2022,Germany,A,D,Y,H,D,H,V,F,L,T,F,N,S,I,L,T,3.50828693,4,yes,yes,no,i
DELO042204,ERR13759529,48.931292,8.868213,N_EUR,2022,Germany,A,D,Y,F,D,H,L,F,L,S,F,K,T,I,L,T,2.497498759,2,yes,yes,no,ii
DELO042205,ERR13759532,48.931292,8.868213,N_EUR,2022,Germany,A,D,F,F,D,H,L,F,L,T,F,N,S,I,L,T,4.509620521,5,yes,yes,no,i
DELW052301,ERR13759535,51.1347972,13.3512805,N_EUR,2023,Germany,G,D,Y,F,D,H,L,F,L,T,F,N,S,I,L,T,3.406098757,3,yes,yes,no,i
DELW052304,ERR13759530,51.134776,13.3512647,N_EUR,2023,Germany,G,D,F,F,D,H,L,F,L,T,F,N,S,I,L,T,3.435074359,3,yes,yes,no,iv
DELW052307,ERR13760332,51.1348826,13.3490818,N_EUR,2023,Germany,A,D,F,F,D,H,L,F,L,S,F,K,T,I,L,T,1.991451792,2,yes,yes,no,ii
DKES062203,ERR13759531,55.518111,8.453419,N_EUR,2022,Denmark,A,D,F,F,D,H,L,F,L,T,F,N,S,I,L,T,3.780379122,4,yes,yes,no,i
ESAN032201,ERR13760303,37.35194444,-5.938055556,S_EUR2,2022,Spain,G,D,Y,F,D,H,V,F,L,T,F,N,S,I,L,T,3.474607569,3,yes,yes,no,i
ESAN032203,ERR13761074,37.35194444,-5.938055556,S_EUR2,2022,Spain,G,D,F,F,D,H,V,F,L,T,F,N,S,I,L,T,3.444738528,3,yes,yes,no,
ESAN032205,ERR13761843,37.35194444,-5.938055556,S_EUR2,2022,Spain,G,D,F,F,D,H,V,F,L,T,F,N,S,I,L,T,3.592732331,4,yes,yes,no,i
ESAN032208,ERR13761845,37.35194444,-5.938055556,S_EUR2,2022,Spain,G,D,Y,F,D,H,V,F,L,T,F,N,S,I,L,T,2.702911287,3,yes,yes,no,i
ESAN032210,ERR13761910,37.35194444,-5.938055556,S_EUR2,2022,Spain,G,D,Y,F,D,H,V,F,L,T,F,N,S,I,L,T,3.81205181,4,yes,yes,no,
ESAN032212,ERR13762615,37.53833333,-5.107222222,S_EUR2,2022,Spain,G,D,F,F,D,H,V,F,L,T,F,N,S,I,L,T,2.639322071,3,yes,yes,no,
ESAN032214,ERR13762613,37.53833333,-5.107222222,S_EUR2,2022,Spain,G,D,F,F,D,H,V,F,L,T,F,N,S,I,L,T,4.602872938,5,yes,yes,no,
ESAN032215,ERR13762616,37.53833333,-5.107222222,S_EUR2,2022,Spain,A,E,Y,F,D,H,V,F,L,T,F,N,S,I,L,T,4.292573126,4,yes,yes,no,
ESAN032216,ERR13762617,37.53833333,-5.107222222,S_EUR2,2022,Spain,G,D,Y,F,D,H,V,F,L,T,F,N,S,I,L,T,3.565287122,4,yes,yes,no,
ESAN032219,ERR13762618,37.53833333,-5.107222222,S_EUR2,2022,Spain,A,D,F,F,D,H,V,F,L,T,F,N,S,I,L,T,4.265802651,4,yes,yes,no,
ESAN032222,ERR13762620,37.45583333,-6.364444444,S_EUR2,2022,Spain,G,D,Y,F,D,H,V,F,L,S,F,K,S,I,L,T,2.632387321,3,yes,yes,no,iv
ESAN032225,ERR13762621,37.45583333,-6.364444444,S_EUR2,2022,Spain,G,D,F,F,D,H,V,F,L,T,F,N,S,I,L,T,3.994640943,4,yes,yes,no,i
ESAN032226,ERR13762624,37.45583333,-6.364444444,S_EUR2,2022,Spain,G,D,Y,F,D,H,V,F,L,T,F,N,S,I,L,T,3.366301807,3,yes,yes,no,
ESAN032227,ERR13762622,37.45583333,-6.364444444,S_EUR2,2022,Spain,G,D,Y,F,D,H,V,F,L,T,F,N,S,I,L,T,2.699088711,3,yes,yes,no,i
ESAN042303,ERR13762627,37.77916667,-4.78833333,S_EUR2,2023,Spain,G,D,F,F,D,H,V,F,L,T,F,N,S,I,L,T,2.545618675,3,yes,yes,no,i
ESAN042310,ERR13762625,37.77916667,-4.78833333,S_EUR2,2023,Spain,A,D,F,F,D,H,V,F,L,T,F,N,S,I,L,T,3.500499536,4,yes,yes,no,
ESAN042315,ERR13762628,37.45472222,-6.36333333,S_EUR2,2023,Spain,G,D,F,F,D,H,V,F,L,T,F,N,S,I,L,T,3.475466905,3,yes,yes,no,
ESAN042318,ERR13762626,37.45472222,-6.36333333,S_EUR2,2023,Spain,G,D,F,F,D,H,V,F,L,T,F,N,S,I,L,T,4.158191978,4,yes,yes,no,i
ESCT052202,ERR13762629,41.69156,0.42648,S_EUR2,2022,Spain,G,D,Y,F,D,H,V,F,L,S,Y,K,S,I,L,T,1.737969249,2,yes,yes,no,ii
ESCT052207,ERR13762630,41.98899,1.56179,S_EUR2,2022,Spain,G,D,Y,F,D,H,V,F,L,T,F,N,S,I,L,T,3.662949161,4,yes,yes,no,i
ESCT052302,ERR13762635,41.69156,0.42648,S_EUR2,2023,Spain,G,D,Y,F,D,H,V,F,L,T,F,N,S,I,L,T,2.592320565,3,yes,yes,no,i
ESCT052307,ERR13762634,41.69156,0.42648,S_EUR2,2023,Spain,G,D,Y,F,D,H,V,F,L,S,F,K,T,I,L,T,2.65519334,3,yes,yes,no,ii
ESCT052309,ERR13762633,41.69156,0.42648,S_EUR2,2023,Spain,A,D,F,F,D,H,V,F,L,T,F,N,S,I,L,T,4.407908221,4,yes,yes,no,i
ESCT062210,ERR13762632,41.69156,0.42648,S_EUR2,2022,Spain,G,D,Y,F,D,H,V,F,L,T,F,N,S,I,L,T,2.956627627,3,yes,yes,no,i
ESCT062211,ERR13762640,41.69156,0.42648,S_EUR2,2022,Spain,G,D,Y,F,D,H,V,F,L,S,F,K,S,I,L,T,1.806668837,2,yes,yes,no,ii
ESCT062216,ERR13762641,41.69156,0.42648,S_EUR2,2022,Spain,A,D,Y,F,D,H,V,F,L,T,F,N,S,I,L,T,2.709328721,3,yes,yes,no,i
ESCT062217,ERR13762638,41.69156,0.42648,S_EUR2,2022,Spain,G,D,Y,F,D,H,V,F,L,S,F,K,S,I,L,T,2.042287911,2,yes,yes,no,
ESCT062219,ERR13762642,41.69156,0.42648,S_EUR2,2022,Spain,G,E,Y,F,D,H,V,F,L,T,F,N,S,I,L,T,3.912140226,4,yes,yes,no,
ESCT062221,ERR13762645,41.69156,0.42648,S_EUR2,2022,Spain,G,D,Y,F,D,H,V,F,L,T,F,N,S,I,L,T,3.976821252,4,yes,yes,no,i
ESCT062224,ERR13762644,41.69156,0.42648,S_EUR2,2022,Spain,G,D,Y,F,D,H,V,F,L,T,F,N,S,I,L,T,3.572329305,4,yes,yes,no,i
ESCT062226,ERR13762648,41.69156,0.42648,S_EUR2,2022,Spain,G,D,Y,F,D,H,V,F,L,T,F,N,S,I,L,T,1.943821772,2,yes,yes,no,i
ESMA052301,ERR13762646,39.6710517,2.5752214,S_EUR2,2023,Spain,G,D,Y,F,D,H,V,F,L,T,F,N,S,I,L,T,3.689386349,4,yes,yes,no,i
ESMA052302,ERR13762649,39.6710517,2.5752214,S_EUR2,2023,Spain,G,D,Y,F,D,H,V,F,L,T,F,N,S,I,L,T,5.326803103,5,yes,yes,no,i
ESMD052201,ERR13762674,40.41132191,-3.703662473,S_EUR2,2022,Spain,G,D,F,F,D,H,L,F,L,T,F,N,S,I,L,T,3.799445551,4,yes,yes,no,i
ESMD052202,ERR13762673,40.40557644,-3.833207604,S_EUR2,2022,Spain,A,E,Y,F,D,H,V,F,L,S,F,K,S,I,L,T,1.884863839,2,yes,yes,no,ii
ESSA052201,ERR13762650,40.95574203,-5.292118509,S_EUR2,2022,Spain,G,D,Y,F,D,H,V,F,L,T,F,N,S,I,L,T,3.692532302,4,yes,yes,no,
ESSA052202,ERR13762675,40.95574203,-5.292118509,S_EUR2,2022,Spain,G,D,Y,F,D,H,L,F,L,T,F,N,S,I,L,T,2.650775245,3,yes,yes,no,i
ESSA062301,ERR13762677,40.92367943,-5.363712068,S_EUR2,2023,Spain,G,D,Y,F,D,H,V,F,L,T,F,N,S,I,L,T,3.892497257,4,yes,yes,no,
FRA_ASOSAN_95_9,SRR11548197,NA,NA,N_EUR,1995,France,G,D,Y,F,D,H,V,F,L,T,F,N,S,I,L,T,4.538408294,5,yes,no,yes,
FRA_B_STONE_95_45,SRR11548196,NA,NA,N_EUR,1995,France,G,D,Y,F,D,H,V,F,L,S,Y,K,S,I,L,T,2.938132514,3,yes,no,yes,
FRA_M_DOVE_94_10,SRR11548195,NA,NA,N_EUR,1994,France,G,D,Y,F,D,H,V,F,L,S,Y,K,S,I,L,T,1.932775921,2,yes,no,yes,
FRA_MERCIA_COKER_98_25,SRR11548194,NA,NA,N_EUR,1998,France,G,D,Y,F,D,H,L,F,L,S,F,K,S,I,L,T,2.670484222,3,yes,no,yes,
FRA_MISSION_96_19,SRR11548193,NA,NA,N_EUR,1996,France,G,D,Y,F,D,H,V,F,L,S,Y,K,S,I,L,T,2.504128179,3,yes,no,yes,
FRBE052201,ERR13762678,44.859587,0.469917,N_EUR,2022,France,A,D,Y,F,D,H,L,F,L,T,F,N,S,I,L,T,3.498859513,3,yes,yes,yes,i
FRBE052202,ERR13762680,44.859587,0.469917,N_EUR,2022,France,A,D,Y,F,D,H,L,F,L,T,F,N,S,I,L,T,3.309248069,3,yes,yes,yes,iv
FRBE052204,ERR13762681,44.859587,0.469917,N_EUR,2022,France,G,D,Y,F,D,H,V,F,L,T,F,N,S,I,L,T,3.508401612,4,yes,yes,yes,i
FRCL052201,ERR13762683,43.826,4.218,S_EUR1,2022,France,A,D,F,F,D,H,V,F,L,T,F,N,S,I,L,T,2.874840122,3,yes,yes,yes,
FRCL052202,ERR13762686,43.826,4.218,S_EUR1,2022,France,A,D,Y,F,D,H,V,S,L,T,F,N,S,I,L,T,3.639589778,4,yes,yes,yes,i
FRCL052301,ERR13762682,43.826,4.218,N_EUR,2023,France,G,D,Y,F,D,H,L,F,L,T,F,N,S,I,L,T,2.528963165,3,yes,yes,yes,i
FRCL052302,ERR13762685,43.826,4.218,S_EUR1,2023,France,A,D,Y,F,D,H,V,F,L,S,Y,K,S,I,L,T,2.701628073,3,yes,yes,yes,
FRCO042201,ERR13762687,46.52973913,4.646218568,N_EUR,2022,France,A,D,Y,H,D,H,V,F,L,T,F,N,S,I,L,T,5.067559696,5,yes,yes,yes,
FRCO042202,ERR13762684,46.52973913,4.646218568,N_EUR,2022,France,A,D,Y,F,D,H,L,F,L,S,F,K,S,I,L,T,1.987131595,2,yes,yes,yes,ii
FRCO042203,ERR13762690,46.52973913,4.646218568,N_EUR,2022,France,A,D,Y,F,D,H,L,F,L,T,F,N,S,I,L,T,3.754049907,4,yes,yes,yes,i
FRCO042204,ERR13762688,46.52973913,4.646218568,N_EUR,2022,France,A,D,Y,F,D,H,L,F,L,T,F,N,S,I,L,T,3.578963856,4,yes,yes,yes,i
FRLO052301,ERR13762691,46.63110745,5.231743222,N_EUR,2023,France,G,D,Y,F,D,H,V,F,L,S,F,K,T,I,L,T,2.014616149,2,yes,yes,yes,
FRLO052302,ERR13762692,46.63110745,5.231743222,N_EUR,2023,France,G,D,Y,F,D,H,L,F,L,T,F,N,S,I,L,T,2.649413392,3,yes,yes,yes,iv
FRMP052201,ERR13762723,46.368861,-0.991562,N_EUR,2022,France,A,D,F,F,D,H,L,F,L,T,F,N,S,I,L,T,4.617467726,5,yes,yes,yes,i
FRMP052202,ERR13762721,46.368861,-0.991562,N_EUR,2022,France,A,D,Y,F,D,H,L,F,L,T,F,N,S,I,L,T,4.459860845,4,yes,yes,yes,v
FRMP052203,ERR13762722,46.368861,-0.991562,N_EUR,2022,France,A,D,Y,F,D,H,L,F,L,T,F,N,S,I,L,T,4.331272762,4,yes,yes,yes,
FRMP052204,ERR13762726,46.368861,-0.991562,N_EUR,2022,France,A,D,Y,F,D,H,L,F,L,T,F,N,S,I,L,T,3.784815757,4,yes,yes,yes,i
FRMP052206,ERR13762727,46.368861,-0.991562,N_EUR,2022,France,A,D,Y,F,D,H,L,F,L,S,F,K,T,I,L,T,2.77115424,3,yes,yes,yes,ii
FRMU052302,ERR13762728,48.03480211,7.136236275,N_EUR,2023,France,A,D,F,F,D,H,L,F,L,T,F,N,S,I,L,T,4.244680017,4,yes,yes,yes,i
FRMU052303,ERR13762725,48.03480211,7.136236275,N_EUR,2023,France,G,D,F,F,D,H,L,F,L,T,F,N,S,I,L,T,3.716099155,4,yes,yes,yes,i
FRNE052204,ERR13762729,49.14827083,4.360349464,N_EUR,2022,France,A,D,Y,H,D,H,V,F,L,T,F,N,S,I,L,T,4.162682353,4,yes,yes,yes,i
FRNE052205,ERR13762731,49.14827083,4.360349464,N_EUR,2022,France,A,D,Y,H,D,H,V,F,L,S,F,K,T,I,L,T,2.896347916,3,yes,yes,yes,ii
FRNE052208,ERR13762730,49.05512806,4.436114757,N_EUR,2022,France,A,D,Y,H,D,H,V,F,L,S,F,K,T,I,L,T,3.014741408,3,yes,yes,yes,ii
FRRI052203,ERR13762733,45.894536,3.141422,N_EUR,2022,France,A,D,Y,F,D,H,L,F,L,S,F,K,T,I,L,T,2.798696159,3,yes,yes,yes,ii
FRRI052204,ERR13762739,45.894536,3.141422,N_EUR,2022,France,A,D,F,F,D,H,L,F,L,T,F,N,S,I,L,T,3.689137859,4,yes,yes,yes,v
FRRN052301,ERR13762734,48.10015077,-1.680136345,N_EUR,2023,France,A,D,Y,H,D,H,V,F,L,S,F,K,T,I,L,T,2.560208339,3,yes,yes,yes,ii
FRRN052302,ERR13762735,48.10015077,-1.680136345,N_EUR,2023,France,A,D,Y,F,D,H,L,F,L,S,F,K,T,I,L,T,2.513047397,3,yes,yes,yes,ii
FRSA042201,ERR13762737,46.533195,4.559358,N_EUR,2022,France,A,D,Y,F,D,H,L,F,L,T,F,N,S,I,L,T,4.558142888,5,yes,yes,yes,vi
FRSA042202,ERR13762736,46.533195,4.559358,N_EUR,2022,France,A,D,Y,H,D,H,V,F,L,S,F,K,T,I,L,T,1.810473688,2,yes,yes,yes,ii
FRSA042203,ERR13762738,46.533195,4.559358,N_EUR,2022,France,A,D,Y,F,D,H,L,F,L,T,F,N,S,I,L,T,4.190178747,4,yes,yes,yes,i
FRSA042204,ERR13762740,46.533195,4.559358,N_EUR,2022,France,G,D,Y,F,D,H,L,F,L,S,F,K,T,I,L,T,2.828544938,3,yes,yes,yes,ii
FRSB042201,ERR13762742,48.44729,-2.73981,N_EUR,2022,France,A,D,Y,F,D,H,L,F,L,T,F,N,S,I,L,T,4.206911114,4,yes,yes,yes,iv
FRSB042203,ERR13762746,48.44729,-2.73981,N_EUR,2022,France,A,D,Y,F,D,H,L,F,L,T,F,N,S,I,L,T,3.210919879,3,yes,yes,yes,i
FRSB042204,ERR13762744,48.44729,-2.73981,N_EUR,2022,France,A,D,Y,F,D,H,L,F,L,S,F,K,T,I,L,T,2.78938893,3,yes,yes,yes,ii
FRSD062201,ERR13762747,47.653814,1.481745,N_EUR,2022,France,A,D,F,F,D,H,L,F,L,S,F,K,S,I,L,T,1.957802801,2,yes,yes,yes,vii
FRSD062202,ERR13762750,47.653814,1.481745,N_EUR,2022,France,A,D,Y,H,D,H,V,F,L,T,F,N,S,I,L,T,1.80826004,2,yes,yes,yes,v
FRSD062203,ERR13762745,47.653814,1.481745,N_EUR,2022,France,A,D,F,F,D,H,L,F,L,S,F,K,S,I,L,T,1.821776226,2,yes,yes,yes,
FRSD062204,ERR13762748,47.653814,1.481745,N_EUR,2022,France,A,D,Y,F,D,H,L,F,L,T,F,N,S,I,L,T,3.673526277,4,yes,yes,yes,i
FRSG052301,ERR13762749,46.75023979,5.244442567,N_EUR,2023,France,G,D,Y,F,D,H,L,F,L,S,F,K,S,I,L,T,2.746207198,3,yes,yes,yes,ii
FRSG052302,ERR13762754,46.75023979,5.244442567,N_EUR,2023,France,G,D,Y,H,D,H,V,F,L,T,F,N,S,I,L,T,2.650123211,3,yes,yes,yes,i
GBR_JIW11,SRR11548188,NA,NA,N_EUR,1985,United Kingdom,G,D,Y,F,D,H,V,F,L,S,Y,K,S,I,L,T,1.893181073,2,yes,no,yes,
GBR_JIW48,SRR11548187,NA,NA,N_EUR,2001,United Kingdom,A,D,Y,F,D,H,L,F,L,T,F,K,S,I,L,T,5.813219216,6,yes,no,yes,
GBR_WC1110,SRR11548186,NA,NA,N_EUR,NA,United Kingdom,G,D,Y,F,D,H,V,F,L,S,Y,N,S,K,L,T,1.101720951,1,yes,no,no,
GRTH052302,ERR13762752,40.53605,23.00096,S_EUR2,2023,Greece,G,D,Y,F,D,H,L,F,L,T,F,N,S,I,L,T,2.469096809,2,yes,yes,no,
GRTH052303,ERR13762751,40.53404,22.98472,S_EUR2,2023,Greece,G,E,Y,F,D,H,V,F,L,S,Y,K,S,I,F,S,0.900016109,1,yes,yes,no,iii
GRTH052305,ERR13762755,40.53605,23.00096,S_EUR1,2023,Greece,G,D,F,F,D,H,L,F,L,T,F,N,S,I,L,T,2.780445939,3,yes,yes,no,v
HUMV062206,ERR13762757,47.32902778,18.78938889,N_EUR,2022,Hungary,G,D,F,F,D,H,L,F,L,T,F,N,S,I,L,T,5.484135768,5,yes,yes,no,i
HUMV062211,ERR13762753,47.31086111,18.78030556,N_EUR,2022,Hungary,G,D,F,F,D,H,L,F,L,S,Y,K,T,I,L,T,1.76162362,2,yes,yes,no,ii
HUMV062213,ERR13762759,47.31369444,18.77347222,N_EUR,2022,Hungary,G,D,Y,F,D,H,L,F,L,T,F,N,S,I,L,T,3.57987472,4,yes,yes,no,i
HUMV062215,ERR13762760,47.31869444,18.77466667,N_EUR,2022,Hungary,G,D,F,F,D,H,L,F,L,S,F,K,T,I,L,T,1.930968866,2,yes,yes,no,ii
HUMV062226,ERR13762758,47.30725,18.81463889,N_EUR,2022,Hungary,G,D,F,F,D,H,L,F,L,S,F,K,T,I,L,T,2.675081723,3,yes,yes,no,ii
HUMV062227,ERR13762764,47.30636111,18.81702778,N_EUR,2022,Hungary,G,D,F,F,D,H,L,F,L,S,F,K,T,I,L,T,1.924254132,2,yes,yes,no,ii
HUMV062231,ERR13762761,47.32780556,18.78963889,N_EUR,2022,Hungary,G,D,Y,F,D,H,L,F,L,T,F,N,S,I,L,T,2.755313468,3,yes,yes,no,i
HUMV062309,ERR13762763,47.30111111,18.82111111,N_EUR,2023,Hungary,G,D,Y,F,D,H,L,F,L,T,F,N,S,I,L,T,3.464369161,3,yes,yes,no,i
HUMV062323,ERR13762766,47.32863889,18.79108333,N_EUR,2023,Hungary,G,D,F,F,D,H,L,F,L,T,F,N,S,I,L,T,3.575525003,4,yes,yes,no,v
HUMV062350,ERR13762767,47.31733333,18.77555556,S_EUR2,2023,Hungary,A,D,Y,F,D,H,L,F,L,S,F,K,T,I,L,T,2.457218838,2,yes,yes,no,ii
HUSZ062201,ERR13762768,47.454871,18.507523,S_EUR2,2022,Hungary,A,D,Y,F,D,H,L,F,L,S,F,K,T,I,L,T,2.73676717,3,yes,yes,no,ii
IEKD072305,ERR13762769,52.99183,-6.98573,N_EUR,2023,Ireland,A,D,F,F,D,H,L,F,L,S,F,K,T,I,L,T,2.667726308,3,yes,yes,no,ii
IEKD072313,ERR13762771,52.99183,-6.98573,N_EUR,2023,Ireland,A,D,F,F,D,H,L,F,L,S,F,K,T,I,L,T,2.87108531,3,yes,yes,no,ii
IELO072305,ERR13762773,52.99795,-6.40595,N_EUR,2023,Ireland,A,D,F,F,D,H,L,F,L,T,F,N,S,I,L,T,3.469838848,3,yes,yes,no,i
IELO072310,ERR13762775,52.99795,-6.40595,N_EUR,2023,Ireland,A,D,Y,F,D,H,L,F,L,S,F,K,T,I,L,T,2.843227759,3,yes,yes,no,ii
IEME072202,ERR13762772,53.5240744,-6.6356433,N_EUR,2022,Ireland,A,D,Y,F,D,H,L,F,L,T,F,N,S,I,L,T,4.451074443,4,yes,yes,no,i
ILIL042201,ERR13762776,31.993333,34.818028,ME,2022,Israel,G,D,Y,F,D,H,V,F,L,T,F,N,S,I,L,T,1.792416557,2,yes,yes,no,
ILIL042215,ERR13762782,33.108367,35.577367,ME,2022,Israel,G,D,Y,F,D,H,V,F,L,S,Y,K,S,I,L,T,0.895395591,1,yes,yes,no,iii
ILIL042254,ERR13762790,32.572778,35.403583,ME,2022,Israel,G,D,Y,F,D,H,V,F,L,T,F,N,S,I,L,T,1.862548784,2,yes,yes,no,
ILIL042256,ERR13762793,32.572778,35.403583,ME,2022,Israel,G,D,Y,F,D,H,V,F,L,S,F,K,S,I,L,T,1.679510911,2,yes,yes,no,
ILIL042271,ERR13762792,32.607468,35.251815,ME,2022,Israel,G,D,Y,F,D,H,V,F,L,S,Y,K,S,I,L,T,0.926966683,1,yes,yes,no,
ISR_103,ERR13759303,32.93316667,35.53622222,ME,1990,Israel,G,D,Y,F,D,H,V,F,L,S,Y,K,S,I,L,T,1.060208179,1,yes,no,no,
ISR_13,SRR11548170,33.12994444,35.59680556,ME,1990,Israel,G,E,Y,F,D,H,V,F,L,S,Y,N,S,I,L,T,1.039812048,1,yes,no,no,
ISR_15,SRR2153100,32.89702778,35.18033333,ME,1990,Israel,G,D,Y,F,D,H,V,F,L,S,Y,K,S,I,L,T,0.90174725,1,yes,no,no,
ISR_204,SRR2153105,32.87427778,35.1305,ME,2010,Israel,G,D,Y,F,D,H,V,F,L,T,F,N,S,I,L,T,1.777453148,2,yes,no,no,
ISR_205,SRR11548165,31.74661111,34.68886111,ME,2010,Israel,G,D,Y,F,D,H,V,F,L,T,F,N,S,I,L,T,2.033732167,2,yes,no,no,
ISR_208,SRR2153106,32.50636111,35.41169444,TUR,2010,Israel,G,D,Y,F,D,H,V,F,L,T,F,N,S,I,L,T,5.886987687,6,yes,no,no,
ISR_214,SRR11548160,32.93825,35.10575,ME,2010,Israel,G,D,Y,F,D,H,V,F,L,S,F,K,S,I,L,T,1.942750544,2,yes,no,no,
ISR_215,SRR2153107,32.47747222,35.02705556,ME,2010,Israel,G,D,Y,F,D,H,V,F,L,T,F,N,S,I,L,T,2.888338889,3,yes,no,no,
ISR_216,SRR11548159,32.462,35.00427778,ME,2010,Israel,G,D,Y,F,D,H,V,F,L,S,Y,K,S,I,F,S,1.094409631,1,yes,no,no,
ISR_217,SRR2153108,32.76763889,35.09705556,ME,2010,Israel,G,D,Y,F,D,H,V,F,L,S,F,K,S,I,L,T,2.100635564,2,yes,no,no,
ISR_218,SRR11548157,32.77055556,35.10516667,ME,2010,Israel,G,D,Y,F,D,H,V,F,L,S,Y,K,S,I,F,S,0.918181417,1,yes,no,no,
ISR_219,SRR11548156,31.79544444,34.75063889,ME,2010,Israel,G,D,Y,F,D,H,V,F,L,S,Y,K,S,I,L,T,2.027402246,2,yes,no,no,
ISR_30p,SRR11548154,31.61577778,34.60638889,ME,1991,Israel,G,D,Y,F,D,H,V,F,L,S,Y,N,S,I,L,T,0.979619617,1,yes,no,no,
ISR_43,SRR11548151,31.81330556,34.86102778,TUR,1991,Israel,G,D,Y,F,D,H,V,F,L,S,Y,K,S,I,L,T,1.010294263,1,yes,no,no,
ISR_50,SRR11548150,31.48066667,34.50744444,ME,1990,Israel,G,D,Y,F,D,H,V,F,L,S,Y,N,S,K,L,T,0.914256676,1,yes,no,no,
ISR_52,SRR11548149,31.419,34.34817,ME,1990,Israel,G,D,Y,F,D,H,V,F,L,S,Y,N,S,I,L,T,1.07610018,1,yes,no,no,
ISR_7,SRR2153098,33.12994444,35.59680556,ME,1990,Israel,G,D,Y,F,D,H,V,F,L,S,Y,K,S,I,F,S,1.203150488,1,yes,no,no,
ISR_70,ERR13759313,31.41972222,34.49147222,ME,1990,Israel,G,D,Y,F,D,H,V,F,L,S,Y,N,S,I,L,T,1.040343902,1,yes,no,no,
ISR_8,ERR13759368,33.12994444,35.59680556,TUR,1990,Israel,G,D,Y,F,D,H,V,F,L,S,Y,N,S,I,L,T,0.92081985,1,yes,no,no,
ISR_9,SRR11548145,33.12994444,35.59680556,ME,1990,Israel,G,D,Y,F,D,H,V,F,L,S,Y,K,S,I,F,S,0.927592685,1,yes,no,no,
ISR_94,SRR11548144,32.47147222,35.4935,ME,1990,Israel,G,D,Y,F,D,H,V,F,L,S,Y,N,S,I,L,T,1.061540222,1,yes,no,no,
ISR_97,SRR2153102,31.66691667,34.68886111,ME,1990,Israel,G,D,Y,F,D,H,V,F,L,S,Y,N,S,I,L,T,1.008045755,1,yes,no,no,
ISR_KU,SRR11548142,31.304954,34.523282,ME,2017,Israel,G,D,Y,F,D,H,V,F,L,S,F,N,S,K,L,T,1.88304162,2,yes,yes,no,viii
ITBA022201,ERR13758477,41.0438,16.8842,S_EUR2,2022,Italy,G,E,Y,F,D,H,V,F,L,S,Y,K,S,I,L,T,2.717032692,3,yes,yes,no,vii
ITBA022210,ERR13758475,41.0438,16.8842,S_EUR2,2022,Italy,G,D,Y,F,D,H,V,F,L,S,Y,K,S,I,L,T,0.979476339,1,yes,yes,no,iii
ITBA022213,ERR13758506,41.0438,16.8842,S_EUR2,2022,Italy,G,D,Y,F,D,H,V,F,L,T,F,N,S,I,L,T,3.592835476,4,yes,yes,no,i
ITBA022218,ERR13758472,41.0438,16.8842,S_EUR2,2022,Italy,A,E,Y,F,D,H,V,F,L,S,Y,K,S,I,L,T,0.986986106,1,yes,yes,no,iii
ITBA022222,ERR13758478,41.0438,16.8842,S_EUR2,2022,Italy,G,D,F,F,D,H,V,F,L,S,Y,K,S,I,L,T,0.967414614,1,yes,yes,no,iii
ITBA062301,ERR13762795,41.04361111,16.88472222,S_EUR2,2023,Italy,G,E,Y,F,D,H,V,F,L,T,F,N,S,I,L,T,4.460539104,4,yes,yes,no,
ITBO052301,ERR13762797,44.50823,11.342294,S_EUR1,2023,Italy,G,D,Y,F,D,H,V,F,L,S,Y,N,S,K,L,T,0.871993195,1,yes,yes,no,
ITBO052302,ERR13762796,44.50823,11.342294,N_EUR,2023,Italy,A,D,F,F,D,H,L,F,L,S,Y,K,T,I,L,T,1.57908128,2,yes,yes,no,
ITBO062201,ERR13762802,44.552823,11.410973,S_EUR2,2022,Italy,A,D,Y,F,D,H,V,F,L,S,Y,K,S,I,L,T,2.882917096,3,yes,yes,no,
ITBO062202,ERR13762801,44.552823,11.410973,S_EUR2,2022,Italy,G,E,Y,F,D,H,V,F,L,T,F,N,S,I,L,T,3.570951382,4,yes,yes,no,i
ITBO062203,ERR13762804,44.552823,11.410973,S_EUR1,2022,Italy,G,D,Y,F,D,H,V,F,L,S,F,K,T,I,L,T,2.704462764,3,yes,yes,no,vii
ITBZ042301,ERR13762800,46.489333,11.303028,S_EUR1,2023,Italy,G,D,Y,F,D,H,V,F,L,S,F,K,T,I,L,T,2.369962793,2,yes,yes,no,ii
ITCN042301,ERR13762806,44.372414,7.49504,S_EUR1,2023,Italy,G,E,Y,F,D,H,V,F,L,T,F,N,S,I,L,T,2.76113784,3,yes,yes,no,i
ITCN042302,ERR13762807,44.372414,7.49504,N_EUR,2023,Italy,A,D,Y,F,D,H,V,F,F,T,F,N,S,I,L,T,1.865478341,2,yes,yes,no,i
ITCN052201,ERR13762813,44.372414,7.49504,S_EUR1,2022,Italy,G,D,Y,F,D,H,V,F,L,T,F,N,S,I,L,T,2.52496967,3,yes,yes,no,v
ITCN052204,ERR13762808,44.372414,7.49504,N_EUR,2022,Italy,G,D,Y,F,D,H,V,F,L,S,Y,K,S,I,L,T,1.772111461,2,yes,yes,no,ii
ITLE042301,ERR13762809,39.947494,18.036866,S_EUR2,2023,Italy,G,E,Y,F,D,H,V,F,L,S,F,K,S,I,L,T,1.934403366,2,yes,yes,no,ii
ITLI042201,ERR13762810,43.911406,7.932875,N_EUR,2022,Italy,A,D,F,F,D,H,L,F,L,T,F,N,S,I,L,T,3.685546805,4,yes,yes,no,
ITLI052301,ERR13762814,43.911252,7.932422,S_EUR1,2023,Italy,A,D,Y,F,D,H,V,F,L,T,F,N,S,I,L,T,3.634456368,4,yes,yes,no,
ITMA052201,ERR13762811,43.233998,13.35464,S_EUR2,2022,Italy,A,E,Y,F,D,H,V,F,L,T,F,N,S,I,L,T,3.589278187,4,yes,yes,no,iv
ITMA052208,ERR13762816,43.233998,13.35464,S_EUR2,2022,Italy,G,D,Y,F,D,H,V,F,L,S,Y,K,S,I,L,T,1.675406456,2,yes,yes,no,
ITMA052213,ERR13762819,43.232502,13.412216,S_EUR2,2022,Italy,A,D,Y,F,D,H,V,F,L,S,Y,K,S,I,L,T,2.792341772,3,yes,yes,no,
ITSA052301,ERR13762820,39.418623,9.081852,S_EUR1,2023,Italy,A,D,Y,F,D,H,V,F,L,S,F,N,S,I,L,T,1.737338818,2,yes,yes,no,
ITSA052302,ERR13762817,39.418623,9.081852,S_EUR2,2023,Italy,G,E,Y,F,D,H,V,F,L,T,F,N,S,I,L,T,3.574253932,4,yes,yes,no,i
ITSA052303,ERR13762818,39.418623,9.081852,S_EUR2,2023,Italy,A,E,Y,F,D,H,V,F,L,S,Y,N,S,I,L,T,1.801251374,2,yes,yes,no,
JIW2,SRR7642215,NA,NA,N_EUR,1980,United Kingdom,A,D,F,F,D,H,L,F,L,T,F,N,S,I,L,T,2.056099695,2,yes,no,yes,
LTKD062206,ERR13762823,55.39,23.87,N_EUR,2022,Lithuania,G,D,Y,H,D,H,V,F,L,T,F,N,S,I,L,T,4.545549128,5,yes,yes,no,
LTKD062208,ERR13762825,55.39,23.87,N_EUR,2022,Lithuania,A,D,Y,F,D,H,L,F,L,T,F,N,S,I,L,T,4.531464326,5,yes,yes,no,vi
LTKD062215,ERR13762822,55.39,23.87,N_EUR,2022,Lithuania,A,D,F,F,D,H,L,F,L,T,F,N,S,I,L,T,3.621143747,4,yes,yes,no,v
LTKD062218,ERR13762827,55.39,23.87,N_EUR,2022,Lithuania,G,D,Y,H,D,H,V,F,L,S,F,K,T,I,L,T,2.963431667,3,yes,yes,no,ii
LTKD062220,ERR13762829,55.39,23.87,N_EUR,2022,Lithuania,G,D,Y,F,D,H,L,F,L,S,Y,K,T,I,L,T,1.957536603,2,yes,yes,no,ii
LVAI062204,ERR13762826,56.631035,25.118399,N_EUR,2022,Latvia,A,D,Y,F,D,H,L,F,L,T,F,N,S,I,L,T,4.54618604,5,yes,yes,no,i
LVAI062205,ERR13762833,56.631035,25.118399,N_EUR,2022,Latvia,A,D,F,F,D,H,L,F,L,T,F,N,S,I,L,T,3.785188169,4,yes,yes,no,v
LVAI062232,ERR13762830,56.631035,25.118399,N_EUR,2022,Latvia,G,D,Y,H,D,H,V,F,L,T,F,N,S,I,L,T,4.499256118,4,yes,yes,no,i
LVAI062233,ERR13762834,56.631035,25.118399,N_EUR,2022,Latvia,A,D,Y,F,D,H,L,F,L,T,F,N,S,I,L,T,3.781453512,4,yes,yes,no,i
LVAI062234,ERR13762832,56.631035,25.118399,N_EUR,2022,Latvia,A,D,Y,F,D,H,L,F,L,S,F,K,T,I,L,T,2.772443302,3,yes,yes,no,ii
LVAI062235,ERR13762835,56.631035,25.118399,N_EUR,2022,Latvia,A,D,Y,H,D,H,V,F,L,S,F,K,T,I,L,T,2.698543529,3,yes,yes,no,ii
NCSU_EG_02_05,SRR19456446,30.6,31.57,ME,2015/2016,Egypt,G,D,Y,F,D,H,V,F,L,S,Y,K,S,I,F,S,0.945321078,1,yes,yes,no,
NCSU_EG_02_12,SRR19456443,28.08,30.76,S_EUR2,2015/2016,Egypt,G,D,Y,F,D,H,V,F,L,S,Y,N,S,K,L,T,1.138354886,1,yes,yes,no,iii
NCSU_EG_02_19,SRR19456429,26.15,32.71,ME,2015/2016,Egypt,G,D,Y,F,D,H,V,F,L,S,Y,K,S,I,L,T,1.140453448,1,yes,yes,no,iii
NCSU_EG_03_02,SRR19456427,26.15,32.71,ME,2015/2016,Egypt,G,D,Y,F,D,H,V,F,L,S,Y,K,S,I,L,T,1.043665493,1,yes,yes,no,
NCSU_EG_03_05,SRR19456610,31.2,29.9,S_EUR2,2015/2016,Egypt,G,D,Y,F,D,H,V,F,L,S,Y,K,S,I,F,S,1.207547149,1,yes,yes,no,iii
NCSU_EG_03_06,SRR19456426,26.15,32.71,ME,2015/2016,Egypt,G,D,Y,F,D,H,V,F,L,S,Y,N,S,K,L,T,1.013826784,1,yes,yes,no,iii
NCSU_EG_03_07,SRR19456425,26.15,32.71,ME,2015/2016,Egypt,G,D,Y,F,D,H,V,F,L,S,Y,K,S,I,L,T,0.977631845,1,yes,yes,no,
NCSU_EG_04_02,SRR19456424,26.15,32.71,ME,2015/2016,Egypt,G,D,Y,F,D,H,V,F,L,S,F,N,S,K,L,T,1.881182369,2,yes,yes,no,viii
NCSU_EG_04_04,SRR19456437,26.55,31.69,ME,2015/2016,Egypt,G,D,Y,F,D,H,V,F,L,S,Y,K,S,I,L,T,1.196176119,1,yes,yes,no,iii
NCSU_EG_04_07,SRR19456608,31.1,30.93,ME,2015/2016,Egypt,G,D,Y,F,D,H,V,F,L,S,F,K,S,I,L,T,2.412117452,2,yes,yes,no,ii
NCSU_EG_04_14,SRR19456441,28.08,30.76,S_EUR2,2015/2016,Egypt,G,D,Y,F,D,H,V,F,L,S,Y,N,S,K,L,T,1.054725819,1,yes,yes,no,iii
NCSU_EG_04_16,SRR19456423,26.15,32.71,ME,2015/2016,Egypt,G,D,Y,F,D,H,V,F,L,S,Y,K,S,I,L,T,1.125719544,1,yes,yes,no,iii
NCSU_EG_04_18,SRR19456597,31.1,30.93,ME,2015/2016,Egypt,G,D,Y,F,D,H,V,F,L,S,F,N,S,K,L,T,2.286128469,2,yes,yes,no,viii
NCSU_EG_05_10,SRR19456586,31.1,30.93,ME,2015/2016,Egypt,G,D,Y,F,D,H,V,F,L,S,F,N,S,K,L,T,2.069773281,2,yes,yes,no,viii
NCSU_EG_05_11,SRR19456440,28.08,30.76,S_EUR2,2015/2016,Egypt,G,D,Y,F,D,H,V,F,L,S,Y,N,S,K,L,T,0.944424869,1,yes,yes,no,iii
NCSU_EG_05_13,SRR19456609,31.2,29.9,S_EUR2,2015/2016,Egypt,G,D,Y,F,D,H,V,F,L,S,Y,K,S,I,F,S,1.009771154,1,yes,yes,no,
NCSU_EG_05_17,SRR19456422,26.15,32.71,ME,2015/2016,Egypt,G,D,Y,F,D,H,V,F,L,S,Y,K,S,I,L,T,1.071437338,1,yes,yes,no,
NCSU_EG_05_18,SRR19456575,31.1,30.93,ME,2015/2016,Egypt,G,D,Y,F,D,H,V,F,L,S,Y,K,S,I,L,T,1.382057148,1,yes,yes,no,
NCSU_EG_05_24,SRR19456541,31.16,31.49,ME,2015/2016,Egypt,G,D,Y,F,D,H,V,F,L,T,F,N,S,I,L,T,2.098472827,2,yes,yes,no,
NCSU_EG_06_18,SRR19456435,26.55,31.69,ME,2015/2016,Egypt,G,D,Y,F,D,H,V,F,L,S,Y,N,S,K,L,T,1.220075317,1,yes,yes,no,iii
NCSU_EG_07_15,SRR19456530,31.2,29.9,S_EUR2,2015/2016,Egypt,G,D,Y,F,D,H,V,F,L,S,Y,K,S,I,F,S,1.071655369,1,yes,yes,no,iii
NCSU_EG_07_18,SRR19456529,31.16,31.49,ME,2015/2016,Egypt,G,D,Y,F,D,H,V,F,L,T,F,N,S,I,L,T,2.135195246,2,yes,yes,no,
NCSU_EG_07_21,SRR19456420,26.15,32.71,ME,2015/2016,Egypt,G,D,Y,F,D,H,V,F,L,S,Y,K,S,I,L,T,1.274316892,1,yes,yes,no,iii
NCSU_EG_07_22,SRR19456518,31.16,31.49,ME,2015/2016,Egypt,G,D,Y,F,D,H,V,F,L,S,F,N,S,K,L,T,2.509730723,3,yes,yes,no,viii
NCSU_EG_07_23,SRR19456439,31.2,29.9,S_EUR2,2015/2016,Egypt,G,D,Y,F,D,H,V,F,L,S,Y,K,S,I,F,S,0.989375461,1,yes,yes,no,iii
NCSU_EG_08_02,SRR19456419,26.15,32.71,ME,2015/2016,Egypt,G,D,Y,F,D,H,V,F,L,S,Y,K,S,I,F,S,0.95194761,1,yes,yes,no,iii
NCSU_EG_08_03,SRR19456447,31.16,31.49,ME,2015/2016,Egypt,G,D,Y,F,D,H,V,F,L,T,F,N,S,I,L,T,2.225991345,2,yes,yes,no,
NCSU_EG_08_04,SRR19456430,26.55,31.69,ME,2015/2016,Egypt,G,D,Y,F,D,H,V,F,L,S,Y,N,S,K,L,T,1.111718214,1,yes,yes,no,iii
NCSU_EG_08_05,SRR19456428,31.2,29.9,S_EUR2,2015/2016,Egypt,G,D,Y,F,D,H,V,F,L,S,Y,K,S,I,F,S,1.147078313,1,yes,yes,no,iii
NCSU_EG_08_06,SRR19456564,31.1,30.93,ME,2015/2016,Egypt,G,D,Y,F,D,H,V,F,L,S,F,N,S,K,L,T,2.308524412,2,yes,yes,no,viii
NCSU_EG_08_07,SRR19456444,30.6,31.57,ME,2015/2016,Egypt,G,D,Y,F,D,H,V,F,L,S,Y,N,S,K,L,T,1.16284582,1,yes,yes,no,iii
NCSU_EG_08_08,SRR19456513,31.2,29.9,S_EUR2,2015/2016,Egypt,G,D,Y,F,D,H,V,F,L,S,Y,K,S,I,F,S,1.12306817,1,yes,yes,no,iii
NCSU_EG_08_09,SRR19456553,31.1,30.93,ME,2015/2016,Egypt,G,D,Y,F,D,H,V,F,L,S,F,N,S,K,L,T,2.919435433,3,yes,yes,no,viii
NCSU_EG_08_16,SRR19456478,31.1,30.93,ME,2015/2016,Egypt,G,D,Y,F,D,H,V,F,L,T,F,N,S,I,L,T,2.154408995,2,yes,yes,no,
NCSU_EG_08_19,SRR19456416,31.2,29.9,S_EUR2,2015/2016,Egypt,G,D,Y,F,D,H,V,F,L,S,Y,K,S,I,F,S,1.208548823,1,yes,yes,no,iii
NCSU_RU_02_11,SRR19456566,47.29,39.6,TUR,2017,Russia,G,D,Y,F,D,N,V,F,L,T,F,N,S,I,L,T,3.629317464,4,yes,yes,no,i
NCSU_RU_02_15,SRR19456565,47.29,39.6,TUR,2017,Russia,G,D,Y,F,D,H,V,F,L,T,F,N,S,I,L,T,3.772454299,4,yes,yes,no,
NCSU_RU_02_22,SRR19456563,47.29,39.6,TUR,2017,Russia,G,D,Y,F,D,H,V,F,L,T,F,N,S,I,L,T,3.795575269,4,yes,yes,no,i
NCSU_RU_03_22,SRR19456562,47.29,39.6,TUR,2017,Russia,G,D,Y,F,D,H,V,F,L,S,F,K,S,I,L,T,2.108253737,2,yes,yes,no,
NCSU_RU_04_12,SRR19456561,47.29,39.6,TUR,2017,Russia,G,D,Y,F,D,H,V,F,L,T,F,N,S,I,L,T,2.733095828,3,yes,yes,no,i
NCSU_RU_05_08,SRR19456568,45.1,39.03,TUR,2017,Russia,G,D,Y,F,D,H,V,F,L,S,Y,K,S,I,L,T,1.932593474,2,yes,yes,no,ii
NCSU_RU_05_19,SRR19456560,47.29,39.6,TUR,2017,Russia,G,D,Y,F,D,H,V,F,L,T,F,N,S,I,L,T,1.982079863,2,yes,yes,no,
NCSU_RU_06_11,SRR19456559,47.29,39.6,TUR,2017,Russia,G,D,Y,F,D,H,V,F,L,T,F,N,S,I,L,T,4.283100237,4,yes,yes,no,i
NCSU_TR_01_01,SRR19456412,39.8,30.55,TUR,2017,Turkey,G,D,Y,F,D,H,X,F,L,S,F,N,S,K,L,T,2.206110958,2,yes,yes,no,
NCSU_TR_01_02,SRR19456490,38.6,27.05,TUR,2018,Turkey,A,D,Y,F,D,H,V,F,L,S,Y,K,S,I,L,T,1.895903593,2,yes,yes,no,ii
NCSU_TR_01_03,SRR19456600,41.65,26.54,TUR,2017,Turkey,G,D,Y,F,D,H,V,F,L,T,F,N,S,I,L,T,2.506735654,3,yes,yes,no,i
NCSU_TR_01_08,SRR19456505,36.95,35.38,ME,2017,Turkey,G,D,Y,F,D,H,V,F,L,S,Y,K,S,I,L,T,0.968727481,1,yes,yes,no,iii
NCSU_TR_01_10,SRR19456504,36.95,35.38,ME,2017,Turkey,G,D,Y,F,D,H,V,F,L,S,Y,K,S,I,L,T,1.160408047,1,yes,yes,no,iii
NCSU_TR_01_17,SRR19456579,40.81,30.4,TUR,2018,Turkey,G,D,Y,F,D,H,V,F,L,T,F,N,S,I,L,T,3.859893988,4,yes,yes,no,i
NCSU_TR_01_18,SRR19456598,41.65,26.54,TUR,2017,Turkey,G,D,Y,F,D,H,V,F,L,T,F,N,S,I,L,T,4.635017773,5,yes,yes,no,i
NCSU_TR_01_19,SRR19456487,38.6,27.05,N_EUR,2018,Turkey,A,D,F,F,D,H,V,F,L,S,F,K,T,I,L,T,3.067233325,3,yes,yes,no,vii
NCSU_TR_01_20,SRR19456410,39.8,30.55,TUR,2017,Turkey,G,D,Y,F,D,H,V,F,L,T,F,N,S,I,L,T,4.502689772,5,yes,yes,no,i
NCSU_TR_02_01,SRR19456578,40.81,30.4,TUR,2018,Turkey,G,D,Y,F,D,H,V,F,L,S,F,K,S,I,L,T,2.01140543,2,yes,yes,no,
NCSU_TR_02_02,SRR19456596,41.65,26.54,TUR,2017,Turkey,G,D,Y,F,D,H,V,F,L,T,F,N,S,I,L,T,4.041848015,4,yes,yes,no,i
NCSU_TR_02_04,SRR19456486,38.6,27.05,N_EUR,2018,Turkey,G,D,Y,F,D,H,L,F,L,S,F,K,T,I,L,T,3.190684997,3,yes,yes,no,ii
NCSU_TR_02_09,SRR19456485,38.6,27.05,N_EUR,2018,Turkey,G,E,Y,F,D,H,V,F,L,S,F,K,T,I,L,T,3.021508446,3,yes,yes,no,vii
NCSU_TR_02_10,SRR19456577,40.81,30.4,TUR,2018,Turkey,G,D,Y,F,D,H,V,F,L,T,F,N,S,I,L,T,4.216615634,4,yes,yes,no,iv
NCSU_TR_02_13,SRR19456500,36.95,35.38,ME,2017,Turkey,G,D,Y,F,D,H,V,F,L,S,Y,N,S,I,L,T,1.056447904,1,yes,yes,no,iii
NCSU_TR_02_14,SRR19456595,41.65,26.54,TUR,2017,Turkey,G,D,Y,F,D,H,V,F,L,T,F,N,S,I,L,T,3.869369136,4,yes,yes,no,i
NCSU_TR_02_16,SRR19456576,40.81,30.4,TUR,2018,Turkey,G,D,Y,F,D,H,V,F,L,T,F,N,S,I,L,T,4.207159897,4,yes,yes,no,i
NCSU_TR_02_17,SRR19456409,39.8,30.55,TUR,2017,Turkey,G,D,Y,F,D,H,V,F,L,T,F,N,S,I,L,T,5.592414599,6,yes,yes,no,i
NCSU_TR_02_18,SRR19456499,36.95,35.38,ME,2017,Turkey,G,D,Y,F,D,H,V,F,L,S,Y,K,S,I,L,T,1.154029141,1,yes,yes,no,iii
NCSU_TR_02_20,SRR19456574,40.81,30.4,TUR,2018,Turkey,G,D,Y,F,D,H,V,F,L,T,F,N,S,I,L,T,3.295841324,3,yes,yes,no,i
NCSU_TR_02_21,SRR19456594,41.65,26.54,TUR,2017,Turkey,G,D,Y,F,D,H,V,F,L,T,F,N,S,I,L,T,4.410684536,4,yes,yes,no,
NCSU_TR_02_23,SRR19456408,39.8,30.55,TUR,2017,Turkey,G,D,Y,F,D,H,V,F,L,T,F,N,S,I,L,T,4.635470529,5,yes,yes,no,i
NCSU_TR_03_01,SRR19456484,38.6,27.05,N_EUR,2018,Turkey,G,D,Y,F,D,H,L,F,L,T,F,N,S,I,L,T,5.52807175,6,yes,yes,no,v
NCSU_TR_03_03,SRR19456492,36.95,35.38,ME,2017,Turkey,G,D,Y,F,D,H,V,F,L,S,Y,K,S,I,L,T,0.941231902,1,yes,yes,no,iii
NCSU_TR_03_11,SRR19456592,41.65,26.54,TUR,2017,Turkey,G,E,Y,F,D,H,V,F,L,T,F,N,S,I,L,T,4.15143029,4,yes,yes,no,
NCSU_TR_03_13,SRR19456418,38.6,27.05,N_EUR,2018,Turkey,A,E,Y,F,D,H,V,F,L,T,F,N,S,I,L,T,5.782516661,6,yes,yes,no,v
NCSU_TR_03_14,SRR19456498,36.95,35.38,ME,2017,Turkey,G,D,F,F,D,H,V,F,L,S,Y,K,S,I,L,T,1.22544218,1,yes,yes,no,iii
NCSU_TR_03_16,SRR19456406,39.8,30.55,TUR,2017,Turkey,G,D,Y,F,D,H,V,F,L,T,F,N,S,I,L,T,4.537031534,5,yes,yes,no,i
NCSU_TR_03_17,SRR19456573,40.81,30.4,TUR,2018,Turkey,G,D,Y,F,D,H,V,X,L,T,F,N,S,I,L,T,4.504303147,5,yes,yes,no,i
NCSU_TR_03_19,SRR19456497,36.95,35.38,ME,2017,Turkey,G,D,F,F,D,H,V,F,L,S,Y,N,S,K,L,T,1.022649431,1,yes,yes,no,iii
NCSU_TR_03_20,SRR19456417,38.6,27.05,N_EUR,2018,Turkey,G,E,Y,F,D,H,V,F,L,T,F,N,S,I,L,T,6.219768816,6,yes,yes,no,v
NCSU_TR_03_23,SRR19456572,40.81,30.4,TUR,2018,Turkey,G,D,Y,F,D,H,V,F,L,T,F,N,S,I,L,T,2.886298266,3,yes,yes,no,i
NCSU_TR_04_01,SRR19456590,41.65,26.54,TUR,2017,Turkey,G,D,Y,F,D,H,V,F,L,T,F,N,S,I,L,T,2.897436516,3,yes,yes,no,i
NCSU_TR_04_03,SRR19456404,39.8,30.55,TUR,2017,Turkey,G,D,F,F,D,H,V,F,L,T,F,N,S,I,L,T,2.125404096,2,yes,yes,no,
NCSU_TR_04_05,SRR19456403,39.8,30.55,TUR,2017,Turkey,G,D,Y,F,D,H,V,F,L,T,F,N,S,I,L,T,5.050858885,5,yes,yes,no,i
NCSU_TR_04_06,SRR19456589,41.65,26.54,TUR,2017,Turkey,G,D,Y,F,D,H,V,F,L,T,F,N,S,I,L,T,3.687983562,4,yes,yes,no,
NCSU_TR_04_08,SRR19456588,41.65,26.54,TUR,2017,Turkey,G,D,Y,F,D,H,V,F,L,T,F,N,S,I,L,T,2.822833373,3,yes,yes,no,i
NCSU_TR_04_09,SRR19456587,41.65,26.54,TUR,2017,Turkey,G,D,Y,F,D,H,V,F,L,T,F,N,S,I,L,T,2.856174026,3,yes,yes,no,
NCSU_TR_04_10,SRR19456496,36.95,35.38,ME,2017,Turkey,G,D,Y,F,D,H,V,F,L,S,Y,K,S,I,L,T,1.082292132,1,yes,yes,no,
NCSU_TR_04_17,SRR19456402,39.8,30.55,TUR,2017,Turkey,G,D,Y,F,D,H,V,F,L,T,F,N,S,I,L,T,3.845959227,4,yes,yes,no,i
NCSU_TR_04_19,SRR19456495,36.95,35.38,ME,2017,Turkey,G,D,F,F,D,H,V,F,L,S,Y,N,S,I,L,T,0.98343518,1,yes,yes,no,iii
NCSU_TR_04_22,SRR19456401,39.8,30.55,TUR,2017,Turkey,G,D,Y,F,D,H,V,F,L,S,Y,K,S,I,L,T,2.116079325,2,yes,yes,no,
NCSU_TR_04_23,SRR19456400,39.8,30.55,TUR,2017,Turkey,G,D,Y,F,D,H,V,F,L,T,F,N,S,I,L,T,4.306302917,4,yes,yes,no,i
NCSU_TR_04_24,SRR19456585,41.65,26.54,TUR,2017,Turkey,G,D,Y,F,D,H,V,F,L,T,F,N,S,I,L,T,2.901202938,3,yes,yes,no,
NCSU_TR_05_01,SRR19456494,36.95,35.38,ME,2017,Turkey,G,D,F,F,D,H,V,F,L,S,F,K,S,I,L,T,1.965931061,2,yes,yes,no,
NCSU_TR_05_02,SRR19456399,39.8,30.55,TUR,2017,Turkey,G,D,Y,F,D,H,V,F,L,S,Y,K,S,I,L,T,2.043019508,2,yes,yes,no,ii
NCSU_TR_05_03,SRR19456398,39.8,30.55,TUR,2017,Turkey,G,D,Y,F,D,H,V,F,L,S,F,K,S,I,L,T,2.292601768,2,yes,yes,no,ii
NCSU_TR_05_04,SRR19456493,36.95,35.38,ME,2017,Turkey,G,D,Y,F,D,H,V,F,L,S,Y,K,S,I,L,T,1.124331656,1,yes,yes,no,iii
NCSU_TR_05_05,SRR19456397,39.8,30.55,TUR,2017,Turkey,G,D,Y,F,D,H,V,F,L,T,F,N,S,I,L,T,4.099277864,4,yes,yes,no,i
NCSU_TR_05_06,SRR19456396,39.8,30.55,TUR,2017,Turkey,G,D,Y,F,D,H,V,F,L,T,F,N,S,I,L,T,3.89925644,4,yes,yes,no,i
NCSU_TR_05_07,SRR19456415,38.6,27.05,N_EUR,2018,Turkey,A,D,F,F,D,H,V,F,L,S,F,K,T,I,L,T,3.060490855,3,yes,yes,no,vii
NCSU_TR_05_15,SRR19456571,40.81,30.4,TUR,2018,Turkey,G,D,Y,F,D,H,V,F,L,T,F,N,S,I,L,T,2.996347612,3,yes,yes,no,i
NCSU_TR_05_20,SRR19456607,39.8,30.55,TUR,2017,Turkey,G,D,Y,F,D,H,V,F,L,S,Y,N,S,I,L,T,0.868245667,1,yes,yes,no,
NCSU_TR_05_22,SRR19456606,39.8,30.55,TUR,2017,Turkey,G,D,Y,F,D,H,V,F,L,T,F,N,S,I,L,T,1.994749217,2,yes,yes,no,
NCSU_TR_06_05,SRR19456582,41.65,26.54,TUR,2017,Turkey,G,D,Y,F,D,H,V,F,L,T,F,N,S,I,L,T,6.51643492,7,yes,yes,no,
NCSU_TR_06_10,SRR19456414,38.6,27.05,N_EUR,2018,Turkey,A,D,F,F,D,H,V,F,L,T,F,N,S,I,L,T,5.431523363,5,yes,yes,no,v
NCSU_TR_06_12,SRR19456570,40.81,30.4,TUR,2018,Turkey,G,D,Y,F,D,H,V,F,L,S,Y,K,S,I,L,T,2.157729682,2,yes,yes,no,ii
NCSU_TR_06_13,SRR19456604,39.8,30.55,TUR,2017,Turkey,G,D,Y,F,D,H,V,F,L,S,F,K,S,I,L,T,2.09823659,2,yes,yes,no,ii
NCSU_TR_06_14,SRR19456603,39.8,30.55,TUR,2017,Turkey,G,D,Y,F,D,H,L,F,L,T,F,N,S,I,L,T,7.062131797,7,yes,yes,no,i
NCSU_TR_06_15,SRR19456602,39.8,30.55,TUR,2017,Turkey,G,D,Y,F,D,H,V,F,L,S,Y,N,S,I,L,T,0.876814597,1,yes,yes,no,
NCSU_TR_06_16,SRR19456569,40.81,30.4,TUR,2018,Turkey,G,D,Y,F,D,H,V,F,L,T,F,N,S,I,L,T,3.094725968,3,yes,yes,no,i
NCSU_TR_06_17,SRR19456601,39.8,30.55,TUR,2017,Turkey,G,D,F,F,D,H,V,F,L,T,F,N,S,I,L,T,2.130077032,2,yes,yes,no,
NLNI042202,ERR13762839,51.841595,5.862651,N_EUR,2022,Netherlands,A,D,Y,F,N,H,V,F,L,S,F,K,T,I,L,T,2.743208063,3,yes,yes,no,ii
NLNI042203,ERR13762840,51.841595,5.862651,N_EUR,2022,Netherlands,A,D,Y,F,D,H,L,F,L,S,F,K,T,I,L,T,2.587354686,3,yes,yes,no,ii
NLTX072301,ERR13762837,53.15112903,4.855756869,N_EUR,2023,Netherlands,A,D,Y,F,D,H,L,F,L,T,F,N,S,I,L,T,3.681025557,4,yes,yes,no,i
NLTX072302,ERR13762842,53.15112903,4.855756869,N_EUR,2023,Netherlands,A,D,Y,F,D,H,L,F,L,T,F,N,S,I,L,T,3.869519064,4,yes,yes,no,
PLBA092301,ERR13762841,49.89493148,18.73210241,N_EUR,2023,Poland,G,D,F,F,D,H,L,F,L,T,F,N,S,I,L,T,3.782232176,4,yes,yes,no,i
PLBA092305,ERR13762844,49.89493148,18.73210241,N_EUR,2023,Poland,A,D,Y,F,D,H,L,F,L,S,F,K,T,I,L,T,2.616182822,3,yes,yes,no,ii
PLBI082201,ERR13762847,53.9872,16.0123,N_EUR,2022,Poland,G,D,F,F,D,H,L,F,L,T,F,N,S,I,L,T,4.195125938,4,yes,yes,no,i
PLCZ072206,ERR13762848,51.300278,22.258444,N_EUR,2022,Poland,A,D,F,F,D,H,L,F,L,S,F,K,T,I,L,T,3.712718319,4,yes,yes,no,ii
PLCZ072210,ERR13762849,51.300278,22.258444,N_EUR,2022,Poland,A,D,F,F,D,H,L,F,L,S,Y,K,S,I,L,T,1.906945694,2,yes,yes,no,
PLCZ072212,ERR13762852,51.300278,22.258444,N_EUR,2022,Poland,A,D,Y,F,D,H,V,F,L,S,F,K,T,I,L,T,2.505596355,3,yes,yes,no,ii
PLCZ072215,ERR13762851,51.300278,22.258444,N_EUR,2022,Poland,A,D,F,F,D,H,L,F,L,S,F,K,T,I,L,T,2.775857113,3,yes,yes,no,ii
PLCZ072305,ERR13762853,51.301894,22.255476,N_EUR,2023,Poland,A,D,Y,H,D,H,V,F,L,T,F,N,S,I,L,T,2.729226274,3,yes,yes,no,i
PLCZ072306,ERR13762854,51.301894,22.255476,N_EUR,2023,Poland,A,D,Y,H,D,H,V,F,L,S,F,K,T,I,L,T,2.497403221,2,yes,yes,no,ii
PLKB092305,ERR13762857,50.97025297,16.93537951,N_EUR,2023,Poland,G,D,Y,H,D,H,V,F,L,S,Y,K,S,I,L,T,1.830314626,2,yes,yes,no,ii
PLKO082237,ERR13762859,52.0085,16.8176,N_EUR,2022,Poland,G,D,Y,F,D,H,L,F,L,S,F,K,S,I,L,T,1.765750956,2,yes,yes,no,ii
PLKO082242,ERR13762858,52.0085,16.8176,N_EUR,2022,Poland,A,D,Y,H,D,H,V,F,L,S,Y,K,S,I,L,T,1.913360484,2,yes,yes,no,ii
PLKO082243,ERR13762863,52.0085,16.8176,N_EUR,2022,Poland,A,D,F,F,D,H,L,F,L,T,F,N,S,I,L,T,3.864040358,4,yes,yes,no,iv
PLNA082247,ERR13762861,52.3199,17.1496,N_EUR,2022,Poland,A,D,Y,H,D,H,V,F,L,S,F,K,T,I,L,T,2.895345524,3,yes,yes,no,ii
PLNA082249,ERR13762864,52.3199,17.1496,N_EUR,2022,Poland,A,D,Y,F,N,H,V,F,L,S,Y,K,S,I,L,T,1.867005154,2,yes,yes,no,
PLRA082254,ERR13762860,52.2289,20.6159,S_EUR2,2022,Poland,A,D,Y,F,D,H,L,F,L,S,Y,K,S,I,L,T,3.670008581,4,yes,yes,no,ii
PLRA082257,ERR13762867,52.2289,20.6159,N_EUR,2022,Poland,A,D,Y,H,D,H,V,F,L,T,F,N,S,I,L,T,3.408888635,3,yes,yes,no,i
PLRA082270,ERR13762870,52.2289,20.6159,N_EUR,2022,Poland,A,D,F,F,D,H,L,F,L,T,F,N,S,I,L,T,4.258046577,4,yes,yes,no,
PLRA092320,ERR13762866,52.21651391,20.65042808,N_EUR,2023,Poland,G,D,Y,F,N,H,V,F,L,T,F,N,S,I,L,T,2.42352101,2,yes,yes,no,i
PLRA092321,ERR13762868,52.21651391,20.65042808,N_EUR,2023,Poland,A,D,Y,H,D,H,V,F,L,S,Y,K,S,I,L,T,1.867015454,2,yes,yes,no,ii
PLRA092322,ERR13762869,52.21651391,20.65042808,N_EUR,2023,Poland,G,D,Y,H,D,H,V,F,L,T,F,N,S,I,L,T,3.678737422,4,yes,yes,no,i
PLSK082271,ERR13762875,49.9321,22.8091,N_EUR,2022,Poland,A,D,F,F,D,H,L,F,L,S,F,K,T,I,L,T,2.708094428,3,yes,yes,no,ii
PLSK082274,ERR13762872,49.9321,22.8091,N_EUR,2022,Poland,A,D,Y,H,D,H,V,F,L,T,F,N,S,I,L,T,2.78238906,3,yes,yes,no,iv
PLSK082276,ERR13762877,49.9321,22.8091,N_EUR,2022,Poland,A,D,Y,F,N,H,V,F,L,S,F,K,S,I,L,T,2.022871861,2,yes,yes,no,ii
PLSK092301,ERR13762873,49.9341297,22.8181707,N_EUR,2023,Poland,A,D,Y,H,D,H,V,F,L,S,F,K,T,I,L,T,2.515586749,3,yes,yes,no,ii
PLSK092305,ERR13762874,49.9341297,22.8181707,N_EUR,2023,Poland,A,D,F,F,D,H,L,F,L,T,F,N,S,I,L,T,3.658801615,4,yes,yes,no,i
PLSM082283,ERR13762879,51.6987,17.1794,N_EUR,2022,Poland,A,D,Y,F,D,H,L,F,L,T,F,N,S,I,L,T,4.54749493,5,yes,yes,no,i
PLSM082285,ERR13762880,51.6987,17.1794,N_EUR,2022,Poland,A,D,Y,H,D,H,V,F,L,S,F,K,T,I,L,T,2.876985163,3,yes,yes,no,iv
PLSM082286,ERR13762881,51.6987,17.1794,N_EUR,2022,Poland,A,D,Y,H,D,H,V,F,L,S,F,K,T,I,L,T,2.637208107,3,yes,yes,no,ii
PLSM092311,ERR13762878,51.70576312,17.16587116,N_EUR,2023,Poland,A,D,Y,H,D,H,V,F,L,T,F,N,S,I,L,T,4.248705485,4,yes,yes,no,i
POL_1,SRR11548135,51.8503,16.5819,N_EUR,2017,Poland,G,D,Y,H,D,H,V,F,L,T,F,N,S,I,L,T,4.643162496,5,yes,yes,no,v
POL_3,SRR11548134,51.865278,17.161111,N_EUR,2018,Poland,A,D,Y,H,D,H,V,F,L,T,F,N,S,I,L,T,4.582363882,5,yes,yes,no,i
POL_5,SRR11548133,50.156667,18.132778,N_EUR,2018,Poland,G,D,F,F,D,H,L,F,L,T,F,N,S,I,L,T,4.605926531,5,yes,yes,no,vi
POL_6,SRR11548132,54.0586,18.8646,N_EUR,2018,Poland,A,D,F,F,D,H,L,F,L,T,F,N,S,I,L,T,3.697424262,4,yes,yes,no,i
PTOD042301,ERR13762883,37.654722,-8.394167,S_EUR2,2023,Portugal,G,D,Y,F,D,H,V,F,L,S,Y,K,S,I,L,T,0.84571884,1,yes,yes,no,
ROGT052201,ERR13762886,45.9407,20.6845,N_EUR,2022,Romania,G,D,Y,F,D,H,L,F,L,T,F,N,S,I,L,T,5.631153559,6,yes,yes,no,i
ROGT052209,ERR13762890,45.9407,20.6845,N_EUR,2022,Romania,G,D,Y,F,D,H,L,F,L,S,F,K,T,I,L,T,2.732373153,3,yes,yes,no,ii
ROLV052202,ERR13762885,45.96114,20.76975,N_EUR,2022,Romania,A,D,Y,F,D,H,L,F,L,S,F,K,T,I,L,T,1.948861182,2,yes,yes,no,ii
ROLV052206,ERR13762888,45.96114,20.76975,N_EUR,2022,Romania,G,D,Y,F,D,H,V,F,L,T,F,N,S,I,L,T,3.834247785,4,yes,yes,no,i
ROLV052209,ERR13762891,45.96114,20.76975,N_EUR,2022,Romania,A,D,Y,H,D,H,V,F,L,T,F,N,S,I,L,T,2.69456319,3,yes,yes,no,vi
SEAB072243,ERR13762892,58.241124,14.713719,N_EUR,2022,Sweden,A,D,Y,F,D,H,V,F,L,T,F,N,S,I,L,T,3.649516849,4,yes,yes,no,i
SEAB072246,ERR13762894,58.241124,14.713719,N_EUR,2022,Sweden,G,D,Y,F,D,H,L,F,L,T,F,N,S,I,L,T,2.523618083,3,yes,yes,no,i
SEUP072201,ERR13762896,59.73003,17.797,N_EUR,2022,Sweden,G,D,F,F,D,H,L,F,L,T,F,N,S,I,L,T,3.644692793,4,yes,yes,no,i
SEUP072203,ERR13762898,59.73003,17.797,N_EUR,2022,Sweden,G,D,Y,F,D,H,V,F,L,T,F,N,S,I,L,T,3.51430734,4,yes,yes,no,vi
SEUP072204,ERR13762895,59.73003,17.797,N_EUR,2022,Sweden,G,D,Y,F,D,H,L,F,L,T,F,N,S,I,L,T,3.650483898,4,yes,yes,no,i
TRSA062307,ERR13762897,40.73,30.37,TUR,2023,Turkey,A,D,Y,F,D,H,V,F,L,T,F,N,S,I,L,T,3.320652055,3,yes,yes,no,vi
TRSA062309,ERR13762900,40.73,30.37,TUR,2023,Turkey,G,D,Y,F,D,H,V,F,L,T,F,N,S,I,L,T,2.761941249,3,yes,yes,no,
TRSA062310,ERR13762902,40.73,30.37,TUR,2023,Turkey,G,D,F,F,D,H,L,F,L,T,F,N,S,I,L,T,3.779845765,4,yes,yes,no,i
TUR_1a,SRR11548127,40.783333,30.4,TUR,2018,Turkey,G,D,Y,F,D,H,V,F,L,T,F,N,S,I,L,T,2.912057124,3,yes,yes,no,i
TUR_1b,SRR11548126,40.783333,30.4,TUR,2018,Turkey,G,D,Y,F,D,H,V,F,L,T,F,N,S,I,L,T,3.609592242,4,yes,yes,no,v
TUR_1c,SRR11548124,40.783333,30.4,TUR,2018,Turkey,G,D,Y,F,D,H,V,F,L,T,F,N,S,I,L,T,2.970938742,3,yes,yes,no,i
UKCA042302,ERR13762899,52.241737,0.094761,N_EUR,2023,United Kingdom,A,D,Y,F,D,H,L,F,L,S,F,K,S,I,L,T,2.543540118,3,yes,yes,yes,ii
UKCA042310,ERR13762901,52.241737,0.094761,N_EUR,2023,United Kingdom,A,D,Y,F,D,H,L,F,L,S,F,K,T,I,L,T,3.578999577,4,yes,yes,yes,vii
UKCA042316,ERR13762906,52.088238,0.177811,N_EUR,2023,United Kingdom,A,D,Y,F,D,H,L,F,L,S,F,K,T,I,L,T,2.72999681,3,yes,yes,yes,ii
UKCA042327,ERR13762904,52.088238,0.177811,N_EUR,2023,United Kingdom,A,D,Y,F,D,H,L,F,L,T,F,N,S,I,L,T,3.786698106,4,yes,yes,yes,i
UKCA092201,ERR13762909,52.2427,0.0953,N_EUR,2022,United Kingdom,A,D,F,F,D,H,L,F,L,S,F,K,T,I,L,T,2.55657569,3,yes,yes,yes,ii
UKCA092202,ERR13762910,52.2427,0.0953,N_EUR,2022,United Kingdom,A,D,F,F,D,H,L,F,L,T,F,N,S,I,L,T,4.312305757,4,yes,yes,yes,iv
UKCA092203,ERR13762908,52.2427,0.0953,N_EUR,2022,United Kingdom,A,D,F,F,D,H,L,F,L,T,F,N,S,I,L,T,4.463443118,4,yes,yes,yes,
UKCA092204,ERR13762911,52.2427,0.0953,N_EUR,2022,United Kingdom,A,D,Y,F,D,H,L,F,L,S,F,K,T,I,L,T,2.815427428,3,yes,yes,yes,ii
UKCA092205,ERR13762913,52.2427,0.0953,N_EUR,2022,United Kingdom,A,D,Y,F,D,H,L,F,L,T,F,N,S,I,L,T,5.196117871,5,yes,yes,yes,iv
,,,,,,,,,,,,,,,,,,,,,,,,,,,,
,,,,,,,,,,,,,,,,,,,,,,,,,,,,
Legend:,,,,,,,,,,,,,,,,,,,,,,,,,,,,
"Columns ""Europe+"", ""Europe+_recent"", and ""temporal"" indicate if an isolate is part of each of these groups. Column ""cyp51_IBD_cluster"" indicates in which IBD cluster of the IsoRelate analysis the individuals belong to. Only the eight most populated clusters are represented.",,,,,,,,,,,,,,,,,,,,,,,,,,,,
