Sample.Name,Latitude,Longitude,fs_level_4,Year.of.Collection,Country,cytb_G143A,QoI_interpretation,cyp51_S79T,cyp51_S79T_interpretation,cyp51_Y136F,cyp51_Y136F_interpretation,cyp51_K175N,cyp51_K175N_interpretation,cyp51_S509T,cyp51_S509T_interpretation,cyp51_K3I,cyp51_K3I_interpretation,cyp51_L236F,cyp51_L236F_interpretation,cyp51_T271S,cyp51_T271S_interpretation,count_of_resistant_mutations,cn_ratio,cn,Year.of.Collection.Group,Year.of.Collection.Group_2,haplotype_cyp51
94202,47.52222222,8.82583333,N_EUR,1994,Switzerland,G,sensitive,S,sensitive,Y,sensitive,K,sensitive,S,sensitive,I,resistant,L,sensitive,T,sensitive,0,2.1369786293294,2,1980-2001,1980-2010,p
96224,47.47444444,8.65583333,N_EUR,1996,Switzerland,G,sensitive,S,sensitive,Y,sensitive,K,sensitive,S,sensitive,I,resistant,L,sensitive,T,sensitive,0,1.92438359719699,2,1980-2001,1980-2010,p
CHE_07224,NA,NA,N_EUR,2007,Switzerland,G,sensitive,T,resistant,F,resistant,N,resistant,S,sensitive,I,resistant,L,sensitive,T,sensitive,3,4.62576329331046,5,2007-2020,1980-2010,e
CHE_07227,NA,NA,N_EUR,2007,Switzerland,A,resistant,T,resistant,F,resistant,N,resistant,S,sensitive,I,resistant,L,sensitive,T,sensitive,3,3.6625902864259,4,2007-2020,1980-2010,e
CHE_07230,NA,NA,N_EUR,2007,Switzerland,A,resistant,T,resistant,F,resistant,N,resistant,S,sensitive,I,resistant,L,sensitive,T,sensitive,3,4.01363197189284,4,2007-2020,1980-2010,e
CHE_07234,NA,NA,N_EUR,2007,Switzerland,A,resistant,T,resistant,F,resistant,N,resistant,S,sensitive,I,resistant,L,sensitive,T,sensitive,3,3.91401107594937,4,2007-2020,1980-2010,e
CHE_07298,NA,NA,N_EUR,2007,Switzerland,G,sensitive,T,resistant,F,resistant,N,resistant,S,sensitive,I,resistant,L,sensitive,T,sensitive,3,3.88118668596237,4,2007-2020,1980-2010,e
CHE_10001,47.42886,8.515962,N_EUR,2010,Switzerland,A,resistant,T,resistant,F,resistant,N,resistant,S,sensitive,I,resistant,L,sensitive,T,sensitive,3,3.25672727272727,3,2007-2020,1980-2010,e
CHE_7004,47.42886,8.515962,N_EUR,2007,Switzerland,A,resistant,T,resistant,F,resistant,N,resistant,S,sensitive,I,resistant,L,sensitive,T,sensitive,3,2.96469491073808,3,2007-2020,1980-2010,e
CHE_96229,47.53277778,8.85972222,N_EUR,1996,Switzerland,G,sensitive,S,sensitive,F,resistant,K,sensitive,S,sensitive,I,resistant,L,sensitive,T,sensitive,1,2.83716114210699,3,1980-2001,1980-2010,a
CHE_96249,46.54777778,6.41527778,N_EUR,1996,Switzerland,G,sensitive,S,sensitive,Y,sensitive,K,sensitive,S,sensitive,I,resistant,L,sensitive,T,sensitive,0,2.81810577752228,3,1980-2001,1980-2010,p
CHE_97223,47.06694444,7.24916667,N_EUR,1997,Switzerland,G,sensitive,S,sensitive,Y,sensitive,K,sensitive,S,sensitive,I,resistant,L,sensitive,T,sensitive,0,3.12309513742072,3,1980-2001,1980-2010,p
CHE_97266,46.84166667,6.96638889,N_EUR,1997,Switzerland,G,sensitive,S,sensitive,F,resistant,K,sensitive,S,sensitive,I,resistant,L,sensitive,T,sensitive,1,3.61844858962693,4,1980-2001,1980-2010,a
CHE_98013,46.383333,6.233333,N_EUR,1998,Switzerland,G,sensitive,T,resistant,F,resistant,N,resistant,S,sensitive,I,resistant,L,sensitive,T,sensitive,3,4.87620068610635,5,1980-2001,1980-2010,e
CHE_98230,47.216667,8.241944,N_EUR,1998,Switzerland,G,sensitive,S,sensitive,F,resistant,K,sensitive,S,sensitive,I,resistant,L,sensitive,T,sensitive,1,3.9177633289987,4,1980-2001,1980-2010,a
CHE_98250,47.216667,8.241944,N_EUR,1998,Switzerland,G,sensitive,S,sensitive,F,resistant,K,sensitive,S,sensitive,I,resistant,L,sensitive,T,sensitive,1,3.73133165829146,4,1980-2001,1980-2010,a
CHNY072301,46.39858333,6.23344444,N_EUR,2023,Switzerland,G,sensitive,T,resistant,F,resistant,N,resistant,S,sensitive,I,resistant,L,sensitive,T,sensitive,3,2.86813197476953,3,2022-2023,2015-2023,e
CHST042201,47.236404,8.734663,N_EUR,2022,Switzerland,G,sensitive,T,resistant,F,resistant,N,resistant,S,sensitive,I,resistant,L,sensitive,T,sensitive,3,3.53672830725462,4,2022-2023,2015-2023,e
CHTG062201,47.55395789,9.226681129,N_EUR,2022,Switzerland,A,resistant,T,resistant,F,resistant,N,resistant,S,sensitive,I,resistant,L,sensitive,T,sensitive,3,3.285569550931,3,2022-2023,2015-2023,e
CHVD042201,46.45,6.25,N_EUR,2022,Switzerland,G,sensitive,T,resistant,F,resistant,N,resistant,S,sensitive,I,resistant,L,sensitive,T,sensitive,3,3.72151861624157,4,2022-2023,2015-2023,e
CHZR022201,47.356058,8.59774,N_EUR,2022,Switzerland,G,sensitive,T,resistant,F,resistant,N,resistant,S,sensitive,I,resistant,L,sensitive,T,sensitive,3,2.85626871033409,3,2022-2023,2015-2023,e
CHZR042202,47.407442,8.559812,N_EUR,2022,Switzerland,G,sensitive,T,resistant,F,resistant,N,resistant,S,sensitive,I,resistant,L,sensitive,T,sensitive,3,5.08603292618163,5,2022-2023,2015-2023,e
CHZR042301,47.353907,8.625124,N_EUR,2023,Switzerland,A,resistant,T,resistant,F,resistant,N,resistant,S,sensitive,I,resistant,L,sensitive,T,sensitive,3,4.52007918025151,5,2022-2023,2015-2023,e
CHZR042302,47.356058,8.59774,N_EUR,2023,Switzerland,G,sensitive,T,resistant,F,resistant,N,resistant,S,sensitive,I,resistant,L,sensitive,T,sensitive,3,2.68001928640309,3,2022-2023,2015-2023,e
CHZR052205,47.356058,8.59774,N_EUR,2022,Switzerland,A,resistant,T,resistant,F,resistant,N,resistant,S,sensitive,I,resistant,L,sensitive,T,sensitive,3,3.7725900116144,4,2022-2023,2015-2023,e
CHZR062208,47.348098,8.624128,N_EUR,2022,Switzerland,G,sensitive,T,resistant,F,resistant,N,resistant,S,sensitive,I,resistant,L,sensitive,T,sensitive,3,4.83239223594656,5,2022-2023,2015-2023,e
CZKA042201,49.2849792,17.3643381,N_EUR,2022,Czech Republic,A,resistant,T,resistant,F,resistant,N,resistant,S,sensitive,I,resistant,L,sensitive,T,sensitive,3,1.80464227642276,2,2022-2023,2015-2023,e
CZKA042204,49.2849792,17.3643381,N_EUR,2022,Czech Republic,G,sensitive,S,sensitive,F,resistant,K,sensitive,T,resistant,I,resistant,L,sensitive,T,sensitive,2,2.49845822566753,2,2022-2023,2015-2023,b
CZKA042205,49.2849792,17.3643381,N_EUR,2022,Czech Republic,A,resistant,T,resistant,F,resistant,N,resistant,S,sensitive,I,resistant,L,sensitive,T,sensitive,3,3.93150401242558,4,2022-2023,2015-2023,e
CZKA052301,49.2899058,17.3658633,S_EUR2,2023,Czech Republic,A,resistant,T,resistant,F,resistant,N,resistant,S,sensitive,I,resistant,L,sensitive,T,sensitive,3,3.77493613138686,4,2022-2023,2015-2023,e
CZKA052302,49.2899058,17.3658633,N_EUR,2023,Czech Republic,G,sensitive,T,resistant,F,resistant,N,resistant,S,sensitive,I,resistant,L,sensitive,T,sensitive,3,3.59113930110101,4,2022-2023,2015-2023,e
CZPR052201,50.081499,14.309154,N_EUR,2022,Czech Republic,G,sensitive,S,sensitive,Y,sensitive,K,sensitive,T,resistant,I,resistant,L,sensitive,T,sensitive,1,2.03771671573438,2,2022-2023,2015-2023,o
CZPR052202,50.081499,14.309154,N_EUR,2022,Czech Republic,A,resistant,S,sensitive,F,resistant,K,sensitive,T,resistant,I,resistant,L,sensitive,T,sensitive,2,2.97472681423368,3,2022-2023,2015-2023,b
CZPR052203,50.08778,14.28088,N_EUR,2022,Czech Republic,G,sensitive,T,resistant,F,resistant,N,resistant,S,sensitive,I,resistant,L,sensitive,T,sensitive,3,3.61984752223634,4,2022-2023,2015-2023,e
CZPR052204,50.00088702,14.5598933,N_EUR,2022,Czech Republic,A,resistant,S,sensitive,Y,sensitive,K,sensitive,S,sensitive,I,resistant,L,sensitive,T,sensitive,0,1.91132578616352,2,2022-2023,2015-2023,p
CZPR052205,50.00088702,14.5598933,N_EUR,2022,Czech Republic,A,resistant,T,resistant,F,resistant,N,resistant,S,sensitive,I,resistant,L,sensitive,T,sensitive,3,5.05766718506999,5,2022-2023,2015-2023,e
CZUH042202,49.0835897,17.464465,N_EUR,2022,Czech Republic,A,resistant,S,sensitive,F,resistant,K,sensitive,S,sensitive,I,resistant,L,sensitive,T,sensitive,1,1.89546009389671,2,2022-2023,2015-2023,a
CZUH042203,49.0835897,17.464465,N_EUR,2022,Czech Republic,G,sensitive,T,resistant,F,resistant,N,resistant,S,sensitive,I,resistant,L,sensitive,T,sensitive,3,4.12724993034271,4,2022-2023,2015-2023,e
CZUH042204,49.0835897,17.464465,N_EUR,2022,Czech Republic,G,sensitive,T,resistant,F,resistant,N,resistant,S,sensitive,I,resistant,L,sensitive,T,sensitive,3,3.36848370927318,3,2022-2023,2015-2023,e
CZUH042205,49.0835897,17.464465,N_EUR,2022,Czech Republic,A,resistant,T,resistant,F,resistant,N,resistant,S,sensitive,I,resistant,L,sensitive,T,sensitive,3,4.27474672596985,4,2022-2023,2015-2023,e
CZUH042206,49.0835897,17.464465,N_EUR,2022,Czech Republic,A,resistant,S,sensitive,Y,sensitive,K,sensitive,T,resistant,I,resistant,L,sensitive,T,sensitive,1,1.76898643256185,2,2022-2023,2015-2023,o
CZUH052301,49.0775319,17.4611247,N_EUR,2023,Czech Republic,G,sensitive,T,resistant,F,resistant,N,resistant,S,sensitive,I,resistant,L,sensitive,T,sensitive,3,2.72102425876011,3,2022-2023,2015-2023,e
CZUH052302,49.0775319,17.4611247,N_EUR,2023,Czech Republic,G,sensitive,S,sensitive,Y,sensitive,K,sensitive,S,sensitive,I,resistant,L,sensitive,T,sensitive,0,1.82991264559068,2,2022-2023,2015-2023,p
DEBD052307,52.460509,13.297172,N_EUR,2023,Germany,G,sensitive,T,resistant,F,resistant,N,resistant,S,sensitive,I,resistant,L,sensitive,T,sensitive,3,3.70434318952981,4,2022-2023,2015-2023,e
DEBD052318,52.460509,13.297172,S_EUR1,2023,Germany,A,resistant,T,resistant,F,resistant,N,resistant,S,sensitive,I,resistant,L,sensitive,T,sensitive,3,4.47543624161074,4,2022-2023,2015-2023,e
DEBE032202,52.53295,13.403097,N_EUR,2022,Germany,G,sensitive,T,resistant,F,resistant,N,resistant,S,sensitive,I,resistant,L,sensitive,T,sensitive,3,4.35775649794802,4,2022-2023,2015-2023,e
DEBE032203,52.53295,13.403097,N_EUR,2022,Germany,G,sensitive,S,sensitive,F,resistant,K,sensitive,T,resistant,I,resistant,L,sensitive,T,sensitive,2,2.69305603898364,3,2022-2023,2015-2023,b
DEBE052301,52.53295,13.403097,N_EUR,2023,Germany,A,resistant,S,sensitive,F,resistant,K,sensitive,T,resistant,I,resistant,L,sensitive,T,sensitive,2,2.6186575443787,3,2022-2023,2015-2023,b
DEBE052302,52.53295,13.403097,N_EUR,2023,Germany,A,resistant,S,sensitive,F,resistant,K,sensitive,T,resistant,I,resistant,L,sensitive,T,sensitive,2,2.82886136462408,3,2022-2023,2015-2023,b
DECO042201,50.956411,6.858728,N_EUR,2022,Germany,A,resistant,T,resistant,F,resistant,N,resistant,S,sensitive,I,resistant,L,sensitive,T,sensitive,3,3.64515762567452,4,2022-2023,2015-2023,e
DECO042202,50.956411,6.858728,N_EUR,2022,Germany,A,resistant,S,sensitive,F,resistant,K,sensitive,S,sensitive,I,resistant,L,sensitive,T,sensitive,1,1.96272117962466,2,2022-2023,2015-2023,a
DECO042203,50.956411,6.858728,N_EUR,2022,Germany,A,resistant,S,sensitive,F,resistant,K,sensitive,T,resistant,I,resistant,L,sensitive,T,sensitive,2,2.50220853080569,3,2022-2023,2015-2023,b
DECO042204,50.956411,6.858728,N_EUR,2022,Germany,A,resistant,T,resistant,F,resistant,N,resistant,S,sensitive,I,resistant,L,sensitive,T,sensitive,3,4.24043126684636,4,2022-2023,2015-2023,e
DEDO072301,51.456504,7.526609,N_EUR,2023,Germany,G,sensitive,T,resistant,F,resistant,N,resistant,S,sensitive,I,resistant,L,sensitive,T,sensitive,3,3.75325147794452,4,2022-2023,2015-2023,e
DEDO072302,51.456504,7.526609,N_EUR,2023,Germany,A,resistant,T,resistant,F,resistant,N,resistant,S,sensitive,I,resistant,L,sensitive,T,sensitive,3,3.77802783535683,4,2022-2023,2015-2023,e
DEGO062303,51.529278,9.891861,N_EUR,2023,Germany,A,resistant,T,resistant,F,resistant,N,resistant,S,sensitive,I,resistant,L,sensitive,T,sensitive,3,4.57294269711331,5,2022-2023,2015-2023,e
DEHA062201,53.55291321,10.01539673,N_EUR,2022,Germany,A,resistant,S,sensitive,F,resistant,K,sensitive,T,resistant,I,resistant,L,sensitive,T,sensitive,2,2.67130347760821,3,2022-2023,2015-2023,b
DEHI052201,51.912571,7.636333,N_EUR,2022,Germany,A,resistant,S,sensitive,F,resistant,K,sensitive,T,resistant,I,resistant,L,sensitive,T,sensitive,2,2.63187093779016,3,2022-2023,2015-2023,b
DEHO062206,48.737211,9.20339,N_EUR,2022,Germany,G,sensitive,T,resistant,F,resistant,N,resistant,S,sensitive,I,resistant,L,sensitive,T,sensitive,3,4.81360271437384,5,2022-2023,2015-2023,e
DEHO062208,48.737211,9.20339,N_EUR,2022,Germany,A,resistant,T,resistant,F,resistant,N,resistant,S,sensitive,I,resistant,L,sensitive,T,sensitive,3,3.55036222162597,4,2022-2023,2015-2023,e
DEHO062211,48.737211,9.20339,N_EUR,2022,Germany,A,resistant,T,resistant,F,resistant,N,resistant,S,sensitive,I,resistant,L,sensitive,T,sensitive,3,3.52878006872852,4,2022-2023,2015-2023,e
DEHO062214,48.737211,9.20339,N_EUR,2022,Germany,A,resistant,T,resistant,F,resistant,N,resistant,S,sensitive,I,resistant,L,sensitive,T,sensitive,3,3.7175533428165,4,2022-2023,2015-2023,e
DEHO062215,48.737211,9.20339,N_EUR,2022,Germany,A,resistant,S,sensitive,F,resistant,K,sensitive,T,resistant,I,resistant,L,sensitive,T,sensitive,2,2.73888888888889,3,2022-2023,2015-2023,b
DEHO062232,48.715945,9.189,N_EUR,2022,Germany,A,resistant,T,resistant,F,resistant,N,resistant,S,sensitive,I,resistant,L,sensitive,T,sensitive,3,3.85732782369146,4,2022-2023,2015-2023,e
DEHO062233,48.712669,9.196224,N_EUR,2022,Germany,G,sensitive,T,resistant,F,resistant,N,resistant,S,sensitive,I,resistant,L,sensitive,T,sensitive,3,4.53364571428571,5,2022-2023,2015-2023,e
DEHO062240,48.712669,9.196224,N_EUR,2022,Germany,A,resistant,T,resistant,F,resistant,N,resistant,S,sensitive,I,resistant,L,sensitive,T,sensitive,3,4.16062869592281,4,2022-2023,2015-2023,e
DEHO062314,48.7402585,9.2026698,N_EUR,2023,Germany,G,sensitive,T,resistant,F,resistant,N,resistant,S,sensitive,I,resistant,L,sensitive,T,sensitive,3,4.5793093385214,5,2022-2023,2015-2023,e
DEHO062320,48.712513,9.1941663,N_EUR,2023,Germany,A,resistant,T,resistant,F,resistant,N,resistant,S,sensitive,I,resistant,L,sensitive,T,sensitive,3,4.42459831675593,4,2022-2023,2015-2023,e
DELO042201,48.931292,8.868213,N_EUR,2022,Germany,A,resistant,T,resistant,F,resistant,N,resistant,S,sensitive,I,resistant,L,sensitive,T,sensitive,3,4.05700906344411,4,2022-2023,2015-2023,e
DELO042203,48.931292,8.868213,N_EUR,2022,Germany,A,resistant,T,resistant,F,resistant,N,resistant,S,sensitive,I,resistant,L,sensitive,T,sensitive,3,3.52819356777878,4,2022-2023,2015-2023,e
DELO042204,48.931292,8.868213,N_EUR,2022,Germany,A,resistant,S,sensitive,F,resistant,K,sensitive,T,resistant,I,resistant,L,sensitive,T,sensitive,2,2.49990928122819,2,2022-2023,2015-2023,b
DELO042205,48.931292,8.868213,N_EUR,2022,Germany,A,resistant,T,resistant,F,resistant,N,resistant,S,sensitive,I,resistant,L,sensitive,T,sensitive,3,4.53549243429785,5,2022-2023,2015-2023,e
DELW052301,51.1347972,13.3512805,N_EUR,2023,Germany,G,sensitive,T,resistant,F,resistant,N,resistant,S,sensitive,I,resistant,L,sensitive,T,sensitive,3,3.42814606741573,3,2022-2023,2015-2023,e
DELW052304,51.134776,13.3512647,N_EUR,2023,Germany,G,sensitive,T,resistant,F,resistant,N,resistant,S,sensitive,I,resistant,L,sensitive,T,sensitive,3,3.44583300356154,3,2022-2023,2015-2023,e
DELW052307,51.1348826,13.3490818,N_EUR,2023,Germany,A,resistant,S,sensitive,F,resistant,K,sensitive,T,resistant,I,resistant,L,sensitive,T,sensitive,2,1.9685780141844,2,2022-2023,2015-2023,b
DKES062203,55.518111,8.453419,N_EUR,2022,Denmark,A,resistant,T,resistant,F,resistant,N,resistant,S,sensitive,I,resistant,L,sensitive,T,sensitive,3,3.80639336261591,4,2022-2023,2015-2023,e
ESAN032201,37.35194444,-5.938055556,S_EUR2,2022,Spain,G,sensitive,T,resistant,F,resistant,N,resistant,S,sensitive,I,resistant,L,sensitive,T,sensitive,3,3.49680677745194,3,2022-2023,2015-2023,e
ESAN032203,37.35194444,-5.938055556,S_EUR2,2022,Spain,G,sensitive,T,resistant,F,resistant,N,resistant,S,sensitive,I,resistant,L,sensitive,T,sensitive,3,3.45696480938416,3,2022-2023,2015-2023,e
ESAN032205,37.35194444,-5.938055556,S_EUR2,2022,Spain,G,sensitive,T,resistant,F,resistant,N,resistant,S,sensitive,I,resistant,L,sensitive,T,sensitive,3,3.60840704647676,4,2022-2023,2015-2023,e
ESAN032208,37.35194444,-5.938055556,S_EUR2,2022,Spain,G,sensitive,T,resistant,F,resistant,N,resistant,S,sensitive,I,resistant,L,sensitive,T,sensitive,3,2.72601253298153,3,2022-2023,2015-2023,e
ESAN032210,37.35194444,-5.938055556,S_EUR2,2022,Spain,G,sensitive,T,resistant,F,resistant,N,resistant,S,sensitive,I,resistant,L,sensitive,T,sensitive,3,3.83252184769039,4,2022-2023,2015-2023,e
ESAN032212,37.53833333,-5.107222222,S_EUR2,2022,Spain,G,sensitive,T,resistant,F,resistant,N,resistant,S,sensitive,I,resistant,L,sensitive,T,sensitive,3,2.66438533627343,3,2022-2023,2015-2023,e
ESAN032214,37.53833333,-5.107222222,S_EUR2,2022,Spain,G,sensitive,T,resistant,F,resistant,N,resistant,S,sensitive,I,resistant,L,sensitive,T,sensitive,3,4.62399770904926,5,2022-2023,2015-2023,e
ESAN032215,37.53833333,-5.107222222,S_EUR2,2022,Spain,A,resistant,T,resistant,F,resistant,N,resistant,S,sensitive,I,resistant,L,sensitive,T,sensitive,3,4.31585903083701,4,2022-2023,2015-2023,e
ESAN032216,37.53833333,-5.107222222,S_EUR2,2022,Spain,G,sensitive,T,resistant,F,resistant,N,resistant,S,sensitive,I,resistant,L,sensitive,T,sensitive,3,3.56539046653144,4,2022-2023,2015-2023,e
ESAN032219,37.53833333,-5.107222222,S_EUR2,2022,Spain,A,resistant,T,resistant,F,resistant,N,resistant,S,sensitive,I,resistant,L,sensitive,T,sensitive,3,4.27775557775558,4,2022-2023,2015-2023,e
ESAN032222,37.45583333,-6.364444444,S_EUR2,2022,Spain,G,sensitive,S,sensitive,F,resistant,K,sensitive,S,sensitive,I,resistant,L,sensitive,T,sensitive,1,2.62826193820225,3,2022-2023,2015-2023,a
ESAN032225,37.45583333,-6.364444444,S_EUR2,2022,Spain,G,sensitive,T,resistant,F,resistant,N,resistant,S,sensitive,I,resistant,L,sensitive,T,sensitive,3,4.0300834052344,4,2022-2023,2015-2023,e
ESAN032226,37.45583333,-6.364444444,S_EUR2,2022,Spain,G,sensitive,T,resistant,F,resistant,N,resistant,S,sensitive,I,resistant,L,sensitive,T,sensitive,3,3.377962529274,3,2022-2023,2015-2023,e
ESAN032227,37.45583333,-6.364444444,S_EUR2,2022,Spain,G,sensitive,T,resistant,F,resistant,N,resistant,S,sensitive,I,resistant,L,sensitive,T,sensitive,3,2.72194321206744,3,2022-2023,2015-2023,e
ESAN042303,37.77916667,-4.78833333,S_EUR2,2023,Spain,G,sensitive,T,resistant,F,resistant,N,resistant,S,sensitive,I,resistant,L,sensitive,T,sensitive,3,2.55251709626512,3,2022-2023,2015-2023,e
ESAN042310,37.77916667,-4.78833333,S_EUR2,2023,Spain,A,resistant,T,resistant,F,resistant,N,resistant,S,sensitive,I,resistant,L,sensitive,T,sensitive,3,3.49914264036419,3,2022-2023,2015-2023,e
ESAN042315,37.45472222,-6.36333333,S_EUR2,2023,Spain,G,sensitive,T,resistant,F,resistant,N,resistant,S,sensitive,I,resistant,L,sensitive,T,sensitive,3,3.48902234636872,3,2022-2023,2015-2023,e
ESAN042318,37.45472222,-6.36333333,S_EUR2,2023,Spain,G,sensitive,T,resistant,F,resistant,N,resistant,S,sensitive,I,resistant,L,sensitive,T,sensitive,3,4.18056872037915,4,2022-2023,2015-2023,e
ESCT052202,41.69156,0.42648,S_EUR2,2022,Spain,G,sensitive,S,sensitive,Y,sensitive,K,sensitive,S,sensitive,I,resistant,L,sensitive,T,sensitive,0,1.74661538461538,2,2022-2023,2015-2023,p
ESCT052207,41.98899,1.56179,S_EUR2,2022,Spain,G,sensitive,T,resistant,F,resistant,N,resistant,S,sensitive,I,resistant,L,sensitive,T,sensitive,3,3.68154127322571,4,2022-2023,2015-2023,e
ESCT052302,41.69156,0.42648,S_EUR2,2023,Spain,G,sensitive,T,resistant,F,resistant,N,resistant,S,sensitive,I,resistant,L,sensitive,T,sensitive,3,2.60268279852709,3,2022-2023,2015-2023,e
ESCT052307,41.69156,0.42648,S_EUR2,2023,Spain,G,sensitive,S,sensitive,F,resistant,K,sensitive,T,resistant,I,resistant,L,sensitive,T,sensitive,2,2.64952022577611,3,2022-2023,2015-2023,b
ESCT052309,41.69156,0.42648,S_EUR2,2023,Spain,A,resistant,T,resistant,F,resistant,N,resistant,S,sensitive,I,resistant,L,sensitive,T,sensitive,3,4.44859180035651,4,2022-2023,2015-2023,e
ESCT062210,41.69156,0.42648,S_EUR2,2022,Spain,G,sensitive,T,resistant,F,resistant,N,resistant,S,sensitive,I,resistant,L,sensitive,T,sensitive,3,2.97590790410634,3,2022-2023,2015-2023,e
ESCT062211,41.69156,0.42648,S_EUR2,2022,Spain,G,sensitive,S,sensitive,F,resistant,K,sensitive,S,sensitive,I,resistant,L,sensitive,T,sensitive,1,1.80147441719649,2,2022-2023,2015-2023,a
ESCT062216,41.69156,0.42648,S_EUR2,2022,Spain,A,resistant,T,resistant,F,resistant,N,resistant,S,sensitive,I,resistant,L,sensitive,T,sensitive,3,2.7393972445465,3,2022-2023,2015-2023,e
ESCT062217,41.69156,0.42648,S_EUR2,2022,Spain,G,sensitive,S,sensitive,F,resistant,K,sensitive,S,sensitive,I,resistant,L,sensitive,T,sensitive,1,2.0473348783314,2,2022-2023,2015-2023,a
ESCT062219,41.69156,0.42648,S_EUR2,2022,Spain,G,sensitive,T,resistant,F,resistant,N,resistant,S,sensitive,I,resistant,L,sensitive,T,sensitive,3,3.93378640776699,4,2022-2023,2015-2023,e
ESCT062221,41.69156,0.42648,S_EUR2,2022,Spain,G,sensitive,T,resistant,F,resistant,N,resistant,S,sensitive,I,resistant,L,sensitive,T,sensitive,3,4.01373900641788,4,2022-2023,2015-2023,e
ESCT062224,41.69156,0.42648,S_EUR2,2022,Spain,G,sensitive,T,resistant,F,resistant,N,resistant,S,sensitive,I,resistant,L,sensitive,T,sensitive,3,3.607166454892,4,2022-2023,2015-2023,e
ESCT062226,41.69156,0.42648,S_EUR2,2022,Spain,G,sensitive,T,resistant,F,resistant,N,resistant,S,sensitive,I,resistant,L,sensitive,T,sensitive,3,1.96051411290323,2,2022-2023,2015-2023,e
ESMA052301,39.6710517,2.5752214,S_EUR2,2023,Spain,G,sensitive,T,resistant,F,resistant,N,resistant,S,sensitive,I,resistant,L,sensitive,T,sensitive,3,3.68734685598377,4,2022-2023,2015-2023,e
ESMA052302,39.6710517,2.5752214,S_EUR2,2023,Spain,G,sensitive,T,resistant,F,resistant,N,resistant,S,sensitive,I,resistant,L,sensitive,T,sensitive,3,5.34533421575116,5,2022-2023,2015-2023,e
ESMD052201,40.41132191,-3.703662473,S_EUR2,2022,Spain,G,sensitive,T,resistant,F,resistant,N,resistant,S,sensitive,I,resistant,L,sensitive,T,sensitive,3,3.82318421052632,4,2022-2023,2015-2023,e
ESMD052202,40.40557644,-3.833207604,S_EUR2,2022,Spain,A,resistant,S,sensitive,F,resistant,K,sensitive,S,sensitive,I,resistant,L,sensitive,T,sensitive,1,1.88550524308866,2,2022-2023,2015-2023,a
ESSA052201,40.95574203,-5.292118509,S_EUR2,2022,Spain,G,sensitive,T,resistant,F,resistant,N,resistant,S,sensitive,I,resistant,L,sensitive,T,sensitive,3,3.71671261199173,4,2022-2023,2015-2023,e
ESSA052202,40.95574203,-5.292118509,S_EUR2,2022,Spain,G,sensitive,T,resistant,F,resistant,N,resistant,S,sensitive,I,resistant,L,sensitive,T,sensitive,3,2.66824720298348,3,2022-2023,2015-2023,e
ESSA062301,40.9236794296207,-5.36371206804169,S_EUR2,2023,Spain,G,sensitive,T,resistant,F,resistant,N,resistant,S,sensitive,I,resistant,L,sensitive,T,sensitive,3,3.91975638506876,4,2022-2023,2015-2023,e
FRA_ASOSAN_95_9,NA,NA,N_EUR,1995,France,G,sensitive,T,resistant,F,resistant,N,resistant,S,sensitive,I,resistant,L,sensitive,T,sensitive,3,4.52341549295775,5,1980-2001,1980-2010,e
FRA_B_STONE_95_45,NA,NA,N_EUR,1995,France,G,sensitive,S,sensitive,Y,sensitive,K,sensitive,S,sensitive,I,resistant,L,sensitive,T,sensitive,0,2.8874648547329,3,1980-2001,1980-2010,p
FRA_M_DOVE_94_10,NA,NA,N_EUR,1994,France,G,sensitive,S,sensitive,Y,sensitive,K,sensitive,S,sensitive,I,resistant,L,sensitive,T,sensitive,0,1.92148686030429,2,1980-2001,1980-2010,p
FRA_MERCIA_COKER_98_25,NA,NA,N_EUR,1998,France,G,sensitive,S,sensitive,F,resistant,K,sensitive,S,sensitive,I,resistant,L,sensitive,T,sensitive,1,2.66324802527646,3,1980-2001,1980-2010,a
FRA_MISSION_96_19,NA,NA,N_EUR,1996,France,G,sensitive,S,sensitive,Y,sensitive,K,sensitive,S,sensitive,I,resistant,L,sensitive,T,sensitive,0,2.40263748597082,2,1980-2001,1980-2010,p
FRBE052201,44.859587,0.469917,N_EUR,2022,France,A,resistant,T,resistant,F,resistant,N,resistant,S,sensitive,I,resistant,L,sensitive,T,sensitive,3,3.51186071817193,4,2022-2023,2015-2023,e
FRBE052202,44.859587,0.469917,N_EUR,2022,France,A,resistant,T,resistant,F,resistant,N,resistant,S,sensitive,I,resistant,L,sensitive,T,sensitive,3,3.33262711864407,3,2022-2023,2015-2023,e
FRBE052204,44.859587,0.469917,N_EUR,2022,France,G,sensitive,T,resistant,F,resistant,N,resistant,S,sensitive,I,resistant,L,sensitive,T,sensitive,3,3.53503730312241,4,2022-2023,2015-2023,e
FRCL052201,43.826,4.218,S_EUR1,2022,France,A,resistant,T,resistant,F,resistant,N,resistant,S,sensitive,I,resistant,L,sensitive,T,sensitive,3,2.88196029776675,3,2022-2023,2015-2023,e
FRCL052202,43.826,4.218,S_EUR1,2022,France,A,resistant,T,resistant,F,resistant,N,resistant,S,sensitive,I,resistant,L,sensitive,T,sensitive,3,3.66758734655335,4,2022-2023,2015-2023,e
FRCL052301,43.826,4.218,N_EUR,2023,France,G,sensitive,T,resistant,F,resistant,N,resistant,S,sensitive,I,resistant,L,sensitive,T,sensitive,3,2.54885627144491,3,2022-2023,2015-2023,e
FRCL052302,43.826,4.218,S_EUR1,2023,France,A,resistant,S,sensitive,Y,sensitive,K,sensitive,S,sensitive,I,resistant,L,sensitive,T,sensitive,0,2.70374346793349,3,2022-2023,2015-2023,p
FRCO042201,46.52973913,4.646218568,N_EUR,2022,France,A,resistant,T,resistant,F,resistant,N,resistant,S,sensitive,I,resistant,L,sensitive,T,sensitive,3,5.10343499197432,5,2022-2023,2015-2023,e
FRCO042202,46.52973913,4.646218568,N_EUR,2022,France,A,resistant,S,sensitive,F,resistant,K,sensitive,S,sensitive,I,resistant,L,sensitive,T,sensitive,1,1.98384802595998,2,2022-2023,2015-2023,a
FRCO042203,46.52973913,4.646218568,N_EUR,2022,France,A,resistant,T,resistant,F,resistant,N,resistant,S,sensitive,I,resistant,L,sensitive,T,sensitive,3,3.76296169630643,4,2022-2023,2015-2023,e
FRCO042204,46.52973913,4.646218568,N_EUR,2022,France,A,resistant,T,resistant,F,resistant,N,resistant,S,sensitive,I,resistant,L,sensitive,T,sensitive,3,3.58399040109702,4,2022-2023,2015-2023,e
FRLO052301,46.63110745,5.23174322208867,N_EUR,2023,France,G,sensitive,S,sensitive,F,resistant,K,sensitive,T,resistant,I,resistant,L,sensitive,T,sensitive,2,2.02399012567325,2,2022-2023,2015-2023,b
FRLO052302,46.63110745,5.23174322208867,N_EUR,2023,France,G,sensitive,T,resistant,F,resistant,N,resistant,S,sensitive,I,resistant,L,sensitive,T,sensitive,3,2.65562859195402,3,2022-2023,2015-2023,e
FRMP052201,46.368861,-0.991562,N_EUR,2022,France,A,resistant,T,resistant,F,resistant,N,resistant,S,sensitive,I,resistant,L,sensitive,T,sensitive,3,4.66455775889204,5,2022-2023,2015-2023,e
FRMP052202,46.368861,-0.991562,N_EUR,2022,France,A,resistant,T,resistant,F,resistant,N,resistant,S,sensitive,I,resistant,L,sensitive,T,sensitive,3,4.49860597439545,4,2022-2023,2015-2023,e
FRMP052203,46.368861,-0.991562,N_EUR,2022,France,A,resistant,T,resistant,F,resistant,N,resistant,S,sensitive,I,resistant,L,sensitive,T,sensitive,3,4.36222849083216,4,2022-2023,2015-2023,e
FRMP052204,46.368861,-0.991562,N_EUR,2022,France,A,resistant,T,resistant,F,resistant,N,resistant,S,sensitive,I,resistant,L,sensitive,T,sensitive,3,3.8238379022646,4,2022-2023,2015-2023,e
FRMP052206,46.368861,-0.991562,N_EUR,2022,France,A,resistant,S,sensitive,F,resistant,K,sensitive,T,resistant,I,resistant,L,sensitive,T,sensitive,2,2.78036493738819,3,2022-2023,2015-2023,b
FRMU052302,48.03480211,7.136236275,N_EUR,2023,France,A,resistant,T,resistant,F,resistant,N,resistant,S,sensitive,I,resistant,L,sensitive,T,sensitive,3,4.27610321615557,4,2022-2023,2015-2023,e
FRMU052303,48.03480211,7.136236275,N_EUR,2023,France,G,sensitive,T,resistant,F,resistant,N,resistant,S,sensitive,I,resistant,L,sensitive,T,sensitive,3,3.73472817955112,4,2022-2023,2015-2023,e
FRNE052204,49.14827083,4.360349464,N_EUR,2022,France,A,resistant,T,resistant,F,resistant,N,resistant,S,sensitive,I,resistant,L,sensitive,T,sensitive,3,4.1790535090078,4,2022-2023,2015-2023,e
FRNE052205,49.14827083,4.360349464,N_EUR,2022,France,A,resistant,S,sensitive,F,resistant,K,sensitive,T,resistant,I,resistant,L,sensitive,T,sensitive,2,2.90344663494222,3,2022-2023,2015-2023,b
FRNE052208,49.05512806,4.436114757,N_EUR,2022,France,A,resistant,S,sensitive,F,resistant,K,sensitive,T,resistant,I,resistant,L,sensitive,T,sensitive,2,3.00860164512338,3,2022-2023,2015-2023,b
FRRI052203,45.894536,3.141422,N_EUR,2022,France,A,resistant,S,sensitive,F,resistant,K,sensitive,T,resistant,I,resistant,L,sensitive,T,sensitive,2,2.79779324894515,3,2022-2023,2015-2023,b
FRRI052204,45.894536,3.141422,N_EUR,2022,France,A,resistant,T,resistant,F,resistant,N,resistant,S,sensitive,I,resistant,L,sensitive,T,sensitive,3,3.72900124843945,4,2022-2023,2015-2023,e
FRRN052301,48.10015077,-1.680136345,N_EUR,2023,France,A,resistant,S,sensitive,F,resistant,K,sensitive,T,resistant,I,resistant,L,sensitive,T,sensitive,2,2.54681879194631,3,2022-2023,2015-2023,b
FRRN052302,48.10015077,-1.680136345,N_EUR,2023,France,A,resistant,S,sensitive,F,resistant,K,sensitive,T,resistant,I,resistant,L,sensitive,T,sensitive,2,2.52054172127567,3,2022-2023,2015-2023,b
FRSA042201,46.533195,4.559358,N_EUR,2022,France,A,resistant,T,resistant,F,resistant,N,resistant,S,sensitive,I,resistant,L,sensitive,T,sensitive,3,4.5697110675808,5,2022-2023,2015-2023,e
FRSA042202,46.533195,4.559358,N_EUR,2022,France,A,resistant,S,sensitive,F,resistant,K,sensitive,T,resistant,I,resistant,L,sensitive,T,sensitive,2,1.80695759233926,2,2022-2023,2015-2023,b
FRSA042203,46.533195,4.559358,N_EUR,2022,France,A,resistant,T,resistant,F,resistant,N,resistant,S,sensitive,I,resistant,L,sensitive,T,sensitive,3,4.19582342056569,4,2022-2023,2015-2023,e
FRSA042204,46.533195,4.559358,N_EUR,2022,France,G,sensitive,S,sensitive,F,resistant,K,sensitive,T,resistant,I,resistant,L,sensitive,T,sensitive,2,2.84651162790698,3,2022-2023,2015-2023,b
FRSB042201,48.44729,-2.73981,N_EUR,2022,France,A,resistant,T,resistant,F,resistant,N,resistant,S,sensitive,I,resistant,L,sensitive,T,sensitive,3,4.23359413202934,4,2022-2023,2015-2023,e
FRSB042203,48.44729,-2.73981,N_EUR,2022,France,A,resistant,T,resistant,F,resistant,N,resistant,S,sensitive,I,resistant,L,sensitive,T,sensitive,3,3.2308146131154998,3,2022-2023,2015-2023,e
FRSB042204,48.44729,-2.73981,N_EUR,2022,France,A,resistant,S,sensitive,F,resistant,K,sensitive,T,resistant,I,resistant,L,sensitive,T,sensitive,2,2.80432069131061,3,2022-2023,2015-2023,b
FRSD062201,47.653814,1.481745,N_EUR,2022,France,A,resistant,S,sensitive,F,resistant,K,sensitive,S,sensitive,I,resistant,L,sensitive,T,sensitive,1,1.97600516944285,2,2022-2023,2015-2023,a
FRSD062202,47.653814,1.481745,N_EUR,2022,France,A,resistant,T,resistant,F,resistant,N,resistant,S,sensitive,I,resistant,L,sensitive,T,sensitive,3,1.81507438773175,2,2022-2023,2015-2023,e
FRSD062203,47.653814,1.481745,N_EUR,2022,France,A,resistant,S,sensitive,F,resistant,K,sensitive,S,sensitive,I,resistant,L,sensitive,T,sensitive,1,1.83741163964922,2,2022-2023,2015-2023,a
FRSD062204,47.653814,1.481745,N_EUR,2022,France,A,resistant,T,resistant,F,resistant,N,resistant,S,sensitive,I,resistant,L,sensitive,T,sensitive,3,3.6988085106383,4,2022-2023,2015-2023,e
FRSG052301,46.7502397922701,5.24444256674623,N_EUR,2023,France,G,sensitive,S,sensitive,F,resistant,K,sensitive,S,sensitive,I,resistant,L,sensitive,T,sensitive,1,2.73529332434255,3,2022-2023,2015-2023,a
FRSG052302,46.7502397922701,5.24444256674623,N_EUR,2023,France,G,sensitive,T,resistant,F,resistant,N,resistant,S,sensitive,I,resistant,L,sensitive,T,sensitive,3,2.66464479133482,3,2022-2023,2015-2023,e
GBR_JIW11,NA,NA,N_EUR,1985,United Kingdom,G,sensitive,S,sensitive,Y,sensitive,K,sensitive,S,sensitive,I,resistant,L,sensitive,T,sensitive,0,1.90278587196468,2,1980-2001,1980-2010,p
GBR_JIW48,NA,NA,N_EUR,2001,United Kingdom,A,resistant,T,resistant,F,resistant,K,sensitive,S,sensitive,I,resistant,L,sensitive,T,sensitive,2,5.77258722247395,6,1980-2001,1980-2010,c
GRTH052302,40.53605,23.00096,S_EUR2,2023,Greece,G,sensitive,T,resistant,F,resistant,N,resistant,S,sensitive,I,resistant,L,sensitive,T,sensitive,3,2.47432055749129,2,2022-2023,2015-2023,e
GRTH052303,40.53404,22.98472,S_EUR2,2023,Greece,G,sensitive,S,sensitive,Y,sensitive,K,sensitive,S,sensitive,I,resistant,F,resistant,S,resistant,0,0.907411992263056,1,2022-2023,2015-2023,p
GRTH052305,40.53605,23.00096,S_EUR1,2023,Greece,G,sensitive,T,resistant,F,resistant,N,resistant,S,sensitive,I,resistant,L,sensitive,T,sensitive,3,2.77760132340778,3,2022-2023,2015-2023,e
HUMV062206,47.32902778,18.78938889,N_EUR,2022,Hungary,G,sensitive,T,resistant,F,resistant,N,resistant,S,sensitive,I,resistant,L,sensitive,T,sensitive,3,5.50707228289132,6,2022-2023,2015-2023,e
HUMV062211,47.31086111,18.78030556,N_EUR,2022,Hungary,G,sensitive,S,sensitive,Y,sensitive,K,sensitive,T,resistant,I,resistant,L,sensitive,T,sensitive,1,1.77462077012835,2,2022-2023,2015-2023,o
HUMV062213,47.31369444,18.77347222,N_EUR,2022,Hungary,G,sensitive,T,resistant,F,resistant,N,resistant,S,sensitive,I,resistant,L,sensitive,T,sensitive,3,3.60784361937546,4,2022-2023,2015-2023,e
HUMV062215,47.31869444,18.77466667,N_EUR,2022,Hungary,G,sensitive,S,sensitive,F,resistant,K,sensitive,T,resistant,I,resistant,L,sensitive,T,sensitive,2,1.93896174863388,2,2022-2023,2015-2023,b
HUMV062226,47.30725,18.81463889,N_EUR,2022,Hungary,G,sensitive,S,sensitive,F,resistant,K,sensitive,T,resistant,I,resistant,L,sensitive,T,sensitive,2,2.68383838383838,3,2022-2023,2015-2023,b
HUMV062227,47.30636111,18.81702778,N_EUR,2022,Hungary,G,sensitive,S,sensitive,F,resistant,K,sensitive,T,resistant,I,resistant,L,sensitive,T,sensitive,2,1.92613917525773,2,2022-2023,2015-2023,b
HUMV062231,47.32780556,18.78963889,N_EUR,2022,Hungary,G,sensitive,T,resistant,F,resistant,N,resistant,S,sensitive,I,resistant,L,sensitive,T,sensitive,3,2.76049850988892,3,2022-2023,2015-2023,e
HUMV062309,47.30111111,18.82111111,N_EUR,2023,Hungary,G,sensitive,T,resistant,F,resistant,N,resistant,S,sensitive,I,resistant,L,sensitive,T,sensitive,3,3.49589303238469,3,2022-2023,2015-2023,e
HUMV062323,47.32863889,18.79108333,N_EUR,2023,Hungary,G,sensitive,T,resistant,F,resistant,N,resistant,S,sensitive,I,resistant,L,sensitive,T,sensitive,3,3.60630727762803,4,2022-2023,2015-2023,e
HUMV062350,47.31733333,18.77555556,S_EUR2,2023,Hungary,A,resistant,S,sensitive,F,resistant,K,sensitive,T,resistant,I,resistant,L,sensitive,T,sensitive,2,2.45466314398943,2,2022-2023,2015-2023,b
HUSZ062201,47.454871,18.507523,S_EUR2,2022,Hungary,A,resistant,S,sensitive,F,resistant,K,sensitive,T,resistant,I,resistant,L,sensitive,T,sensitive,2,2.72752173913043,3,2022-2023,2015-2023,b
IEKD072305,52.99183,-6.98573,N_EUR,2023,Ireland,A,resistant,S,sensitive,F,resistant,K,sensitive,T,resistant,I,resistant,L,sensitive,T,sensitive,2,2.66747130833971,3,2022-2023,2015-2023,b
IEKD072313,52.99183,-6.98573,N_EUR,2023,Ireland,A,resistant,S,sensitive,F,resistant,K,sensitive,T,resistant,I,resistant,L,sensitive,T,sensitive,2,2.86826788830716,3,2022-2023,2015-2023,b
IELO072305,52.99795,-6.40595,N_EUR,2023,Ireland,A,resistant,T,resistant,F,resistant,N,resistant,S,sensitive,I,resistant,L,sensitive,T,sensitive,3,3.4738164603059,3,2022-2023,2015-2023,e
IELO072310,52.99795,-6.40595,N_EUR,2023,Ireland,A,resistant,S,sensitive,F,resistant,K,sensitive,T,resistant,I,resistant,L,sensitive,T,sensitive,2,2.83125,3,2022-2023,2015-2023,b
IEME072202,53.5240744,-6.6356433,N_EUR,2022,Ireland,A,resistant,T,resistant,F,resistant,N,resistant,S,sensitive,I,resistant,L,sensitive,T,sensitive,3,4.49092092417833,4,2022-2023,2015-2023,e
ILIL042201,31.993333,34.818028,ME,2022,Israel,G,sensitive,T,resistant,F,resistant,N,resistant,S,sensitive,I,resistant,L,sensitive,T,sensitive,3,1.80823650034176,2,2022-2023,2015-2023,e
ILIL042215,33.108367,35.577367,ME,2022,Israel,G,sensitive,S,sensitive,Y,sensitive,K,sensitive,S,sensitive,I,resistant,L,sensitive,T,sensitive,0,0.902351190476191,1,2022-2023,2015-2023,p
ILIL042254,32.572778,35.403583,ME,2022,Israel,G,sensitive,T,resistant,F,resistant,N,resistant,S,sensitive,I,resistant,L,sensitive,T,sensitive,3,1.87086370444333,2,2022-2023,2015-2023,e
ILIL042256,32.572778,35.403583,ME,2022,Israel,G,sensitive,S,sensitive,F,resistant,K,sensitive,S,sensitive,I,resistant,L,sensitive,T,sensitive,1,1.68397622513343,2,2022-2023,2015-2023,a
ILIL042271,32.607468,35.251815,ME,2022,Israel,G,sensitive,S,sensitive,Y,sensitive,K,sensitive,S,sensitive,I,resistant,L,sensitive,T,sensitive,0,0.937320015077271,1,2022-2023,2015-2023,p
ISR_103,32.93316667,35.53622222,ME,1990,Israel,G,sensitive,S,sensitive,Y,sensitive,K,sensitive,S,sensitive,I,resistant,L,sensitive,T,sensitive,0,1.06316055200269,1,1980-2001,1980-2010,p
ISR_13,33.12994444,35.59680556,ME,1990,Israel,G,sensitive,S,sensitive,Y,sensitive,N,resistant,S,sensitive,I,resistant,L,sensitive,T,sensitive,1,1.04306748466258,1,1980-2001,1980-2010,n
ISR_15,32.89702778,35.18033333,ME,1990,Israel,G,sensitive,S,sensitive,Y,sensitive,K,sensitive,S,sensitive,I,resistant,L,sensitive,T,sensitive,0,0.907631906938097,1,1980-2001,1980-2010,p
ISR_204,32.87427778,35.1305,ME,2010,Israel,G,sensitive,T,resistant,F,resistant,N,resistant,S,sensitive,I,resistant,L,sensitive,T,sensitive,3,1.77972602739726,2,2007-2020,1980-2010,e
ISR_205,31.74661111,34.68886111,ME,2010,Israel,G,sensitive,T,resistant,F,resistant,N,resistant,S,sensitive,I,resistant,L,sensitive,T,sensitive,3,2.05246003898635,2,2007-2020,1980-2010,e
ISR_208,32.50636111,35.41169444,TUR,2010,Israel,G,sensitive,T,resistant,F,resistant,N,resistant,S,sensitive,I,resistant,L,sensitive,T,sensitive,3,5.88078668683812,6,2007-2020,1980-2010,e
ISR_214,32.93825,35.10575,ME,2010,Israel,G,sensitive,S,sensitive,F,resistant,K,sensitive,S,sensitive,I,resistant,L,sensitive,T,sensitive,1,1.93505811773528,2,2007-2020,1980-2010,a
ISR_215,32.47747222,35.02705556,ME,2010,Israel,G,sensitive,T,resistant,F,resistant,N,resistant,S,sensitive,I,resistant,L,sensitive,T,sensitive,3,2.86718523127982,3,2007-2020,1980-2010,e
ISR_216,32.462,35.00427778,ME,2010,Israel,G,sensitive,S,sensitive,Y,sensitive,K,sensitive,S,sensitive,I,resistant,F,resistant,S,resistant,0,1.10183169448891,1,2007-2020,1980-2010,p
ISR_217,32.76763889,35.09705556,ME,2010,Israel,G,sensitive,S,sensitive,F,resistant,K,sensitive,S,sensitive,I,resistant,L,sensitive,T,sensitive,1,2.05022847911378,2,2007-2020,1980-2010,a
ISR_218,32.77055556,35.10516667,ME,2010,Israel,G,sensitive,S,sensitive,Y,sensitive,K,sensitive,S,sensitive,I,resistant,F,resistant,S,resistant,0,0.907285824049174,1,2007-2020,1980-2010,p
ISR_219,31.79544444,34.75063889,ME,2010,Israel,G,sensitive,S,sensitive,Y,sensitive,K,sensitive,S,sensitive,I,resistant,L,sensitive,T,sensitive,0,2.01060417702636,2,2007-2020,1980-2010,p
ISR_30p,31.61577778,34.60638889,ME,1991,Israel,G,sensitive,S,sensitive,Y,sensitive,N,resistant,S,sensitive,I,resistant,L,sensitive,T,sensitive,1,0.985552223888056,1,1980-2001,1980-2010,n
ISR_43,31.81330556,34.86102778,TUR,1991,Israel,G,sensitive,S,sensitive,Y,sensitive,K,sensitive,S,sensitive,I,resistant,L,sensitive,T,sensitive,0,1.00800968846571,1,1980-2001,1980-2010,p
ISR_50,31.48066667,34.50744444,ME,1990,Israel,G,sensitive,S,sensitive,Y,sensitive,N,resistant,S,sensitive,K,sensitive,L,sensitive,T,sensitive,1,0.921977129100211,1,1980-2001,1980-2010,n
ISR_52,31.419,34.34817,ME,1990,Israel,G,sensitive,S,sensitive,Y,sensitive,N,resistant,S,sensitive,I,resistant,L,sensitive,T,sensitive,1,1.08242198100407,1,1980-2001,1980-2010,n
ISR_7,33.12994444,35.59680556,ME,1990,Israel,G,sensitive,S,sensitive,Y,sensitive,K,sensitive,S,sensitive,I,resistant,F,resistant,S,resistant,0,1.18259837962963,1,1980-2001,1980-2010,p
ISR_70,31.41972222,34.49147222,ME,1990,Israel,G,sensitive,S,sensitive,Y,sensitive,N,resistant,S,sensitive,I,resistant,L,sensitive,T,sensitive,1,1.04255319148936,1,1980-2001,1980-2010,n
ISR_8,33.12994444,35.59680556,TUR,1990,Israel,G,sensitive,S,sensitive,Y,sensitive,N,resistant,S,sensitive,I,resistant,L,sensitive,T,sensitive,1,0.920736040609137,1,1980-2001,1980-2010,n
ISR_9,33.12994444,35.59680556,ME,1990,Israel,G,sensitive,S,sensitive,Y,sensitive,K,sensitive,S,sensitive,I,resistant,F,resistant,S,resistant,0,0.931380885453268,1,1980-2001,1980-2010,p
ISR_94,32.47147222,35.4935,ME,1990,Israel,G,sensitive,S,sensitive,Y,sensitive,N,resistant,S,sensitive,I,resistant,L,sensitive,T,sensitive,1,1.06573766300179,1,1980-2001,1980-2010,n
ISR_97,31.66691667,34.68886111,ME,1990,Israel,G,sensitive,S,sensitive,Y,sensitive,N,resistant,S,sensitive,I,resistant,L,sensitive,T,sensitive,1,1.00375827408679,1,1980-2001,1980-2010,n
ISR_KU,31.304954,34.523282,ME,2017,Israel,G,sensitive,S,sensitive,F,resistant,N,resistant,S,sensitive,K,sensitive,L,sensitive,T,sensitive,2,1.85899430476455,2,2007-2020,2015-2023,d
ITBA022201,41.0438,16.8842,S_EUR2,2022,Italy,G,sensitive,S,sensitive,Y,sensitive,K,sensitive,S,sensitive,I,resistant,L,sensitive,T,sensitive,0,2.70571205879078,3,2022-2023,2015-2023,p
ITBA022210,41.0438,16.8842,S_EUR2,2022,Italy,G,sensitive,S,sensitive,Y,sensitive,K,sensitive,S,sensitive,I,resistant,L,sensitive,T,sensitive,0,0.984976184805906,1,2022-2023,2015-2023,p
ITBA022213,41.0438,16.8842,S_EUR2,2022,Italy,G,sensitive,T,resistant,F,resistant,N,resistant,S,sensitive,I,resistant,L,sensitive,T,sensitive,3,3.60344329667888,4,2022-2023,2015-2023,e
ITBA022218,41.0438,16.8842,S_EUR2,2022,Italy,A,resistant,S,sensitive,Y,sensitive,K,sensitive,S,sensitive,I,resistant,L,sensitive,T,sensitive,0,0.988871555915721,1,2022-2023,2015-2023,p
ITBA022222,41.0438,16.8842,S_EUR2,2022,Italy,G,sensitive,S,sensitive,Y,sensitive,K,sensitive,S,sensitive,I,resistant,L,sensitive,T,sensitive,0,0.973932650649862,1,2022-2023,2015-2023,p
ITBA062301,41.04361111,16.88472222,S_EUR2,2023,Italy,G,sensitive,T,resistant,F,resistant,N,resistant,S,sensitive,I,resistant,L,sensitive,T,sensitive,3,4.4810161480898,4,2022-2023,2015-2023,e
ITBO052301,44.50823,11.342294,S_EUR1,2023,Italy,G,sensitive,S,sensitive,Y,sensitive,N,resistant,S,sensitive,K,sensitive,L,sensitive,T,sensitive,1,0.876530612244898,1,2022-2023,2015-2023,n
ITBO052302,44.50823,11.342294,N_EUR,2023,Italy,A,resistant,S,sensitive,Y,sensitive,K,sensitive,T,resistant,I,resistant,L,sensitive,T,sensitive,1,1.59339265429761,2,2022-2023,2015-2023,o
ITBO062201,44.552823,11.410973,S_EUR2,2022,Italy,A,resistant,S,sensitive,Y,sensitive,K,sensitive,S,sensitive,I,resistant,L,sensitive,T,sensitive,0,2.88193584693303,3,2022-2023,2015-2023,p
ITBO062202,44.552823,11.410973,S_EUR2,2022,Italy,G,sensitive,T,resistant,F,resistant,N,resistant,S,sensitive,I,resistant,L,sensitive,T,sensitive,3,3.60570317563189,4,2022-2023,2015-2023,e
ITBO062203,44.552823,11.410973,S_EUR1,2022,Italy,G,sensitive,S,sensitive,F,resistant,K,sensitive,T,resistant,I,resistant,L,sensitive,T,sensitive,2,2.70217073170732,3,2022-2023,2015-2023,b
ITBZ042301,46.489333,11.303028,S_EUR1,2023,Italy,G,sensitive,S,sensitive,F,resistant,K,sensitive,T,resistant,I,resistant,L,sensitive,T,sensitive,2,2.38731634182909,2,2022-2023,2015-2023,b
ITCN042301,44.372414,7.49504,S_EUR1,2023,Italy,G,sensitive,T,resistant,F,resistant,N,resistant,S,sensitive,I,resistant,L,sensitive,T,sensitive,3,2.76593854375418,3,2022-2023,2015-2023,e
ITCN042302,44.372414,7.49504,N_EUR,2023,Italy,A,resistant,T,resistant,F,resistant,N,resistant,S,sensitive,I,resistant,L,sensitive,T,sensitive,3,1.86680843459614,2,2022-2023,2015-2023,e
ITCN052201,44.372414,7.49504,S_EUR1,2022,Italy,G,sensitive,T,resistant,F,resistant,N,resistant,S,sensitive,I,resistant,L,sensitive,T,sensitive,3,2.54305252725471,3,2022-2023,2015-2023,e
ITCN052204,44.372414,7.49504,N_EUR,2022,Italy,G,sensitive,S,sensitive,Y,sensitive,K,sensitive,S,sensitive,I,resistant,L,sensitive,T,sensitive,0,1.77772432311479,2,2022-2023,2015-2023,p
ITLE042301,39.947494,18.036866,S_EUR2,2023,Italy,G,sensitive,S,sensitive,F,resistant,K,sensitive,S,sensitive,I,resistant,L,sensitive,T,sensitive,1,1.94657229524772,2,2022-2023,2015-2023,a
ITLI042201,43.911406,7.932875,N_EUR,2022,Italy,A,resistant,T,resistant,F,resistant,N,resistant,S,sensitive,I,resistant,L,sensitive,T,sensitive,3,3.72893567251462,4,2022-2023,2015-2023,e
ITLI052301,43.911252,7.932422,S_EUR1,2023,Italy,A,resistant,T,resistant,F,resistant,N,resistant,S,sensitive,I,resistant,L,sensitive,T,sensitive,3,3.63206951026856,4,2022-2023,2015-2023,e
ITMA052201,43.233998,13.35464,S_EUR2,2022,Italy,A,resistant,T,resistant,F,resistant,N,resistant,S,sensitive,I,resistant,L,sensitive,T,sensitive,3,3.60742372881356,4,2022-2023,2015-2023,e
ITMA052208,43.233998,13.35464,S_EUR2,2022,Italy,G,sensitive,S,sensitive,Y,sensitive,K,sensitive,S,sensitive,I,resistant,L,sensitive,T,sensitive,0,1.67194519075766,2,2022-2023,2015-2023,p
ITMA052213,43.232502,13.412216,S_EUR2,2022,Italy,A,resistant,S,sensitive,Y,sensitive,K,sensitive,S,sensitive,I,resistant,L,sensitive,T,sensitive,0,2.77880885562831,3,2022-2023,2015-2023,p
ITSA052301,39.418623,9.081852,S_EUR1,2023,Italy,A,resistant,S,sensitive,F,resistant,N,resistant,S,sensitive,I,resistant,L,sensitive,T,sensitive,2,1.73779018513077,2,2022-2023,2015-2023,d
ITSA052302,39.418623,9.081852,S_EUR2,2023,Italy,G,sensitive,T,resistant,F,resistant,N,resistant,S,sensitive,I,resistant,L,sensitive,T,sensitive,3,3.5752568241855,4,2022-2023,2015-2023,e
ITSA052303,39.418623,9.081852,S_EUR2,2023,Italy,A,resistant,S,sensitive,Y,sensitive,N,resistant,S,sensitive,I,resistant,L,sensitive,T,sensitive,1,1.80323083983479,2,2022-2023,2015-2023,n
JIW2,NA,NA,N_EUR,1980,United Kingdom,A,resistant,T,resistant,F,resistant,N,resistant,S,sensitive,I,resistant,L,sensitive,T,sensitive,3,2.06784234461849,2,1980-2001,1980-2010,e
LTKD062206,55.39,23.87,N_EUR,2022,Lithuania,G,sensitive,T,resistant,F,resistant,N,resistant,S,sensitive,I,resistant,L,sensitive,T,sensitive,3,4.56867900032457,5,2022-2023,2015-2023,e
LTKD062208,55.39,23.87,N_EUR,2022,Lithuania,A,resistant,T,resistant,F,resistant,N,resistant,S,sensitive,I,resistant,L,sensitive,T,sensitive,3,4.56000537201182,5,2022-2023,2015-2023,e
LTKD062215,55.39,23.87,N_EUR,2022,Lithuania,A,resistant,T,resistant,F,resistant,N,resistant,S,sensitive,I,resistant,L,sensitive,T,sensitive,3,3.65262483994878,4,2022-2023,2015-2023,e
LTKD062218,55.39,23.87,N_EUR,2022,Lithuania,G,sensitive,S,sensitive,F,resistant,K,sensitive,T,resistant,I,resistant,L,sensitive,T,sensitive,2,2.9886606884582,3,2022-2023,2015-2023,b
LTKD062220,55.39,23.87,N_EUR,2022,Lithuania,G,sensitive,S,sensitive,Y,sensitive,K,sensitive,T,resistant,I,resistant,L,sensitive,T,sensitive,1,1.97897858319605,2,2022-2023,2015-2023,o
LVAI062204,56.631035,25.118399,N_EUR,2022,Latvia,A,resistant,T,resistant,F,resistant,N,resistant,S,sensitive,I,resistant,L,sensitive,T,sensitive,3,4.57617994100295,5,2022-2023,2015-2023,e
LVAI062205,56.631035,25.118399,N_EUR,2022,Latvia,A,resistant,T,resistant,F,resistant,N,resistant,S,sensitive,I,resistant,L,sensitive,T,sensitive,3,3.81819154628143,4,2022-2023,2015-2023,e
LVAI062232,56.631035,25.118399,N_EUR,2022,Latvia,G,sensitive,T,resistant,F,resistant,N,resistant,S,sensitive,I,resistant,L,sensitive,T,sensitive,3,4.54252631578947,5,2022-2023,2015-2023,e
LVAI062233,56.631035,25.118399,N_EUR,2022,Latvia,A,resistant,T,resistant,F,resistant,N,resistant,S,sensitive,I,resistant,L,sensitive,T,sensitive,3,3.80424774560987,4,2022-2023,2015-2023,e
LVAI062234,56.631035,25.118399,N_EUR,2022,Latvia,A,resistant,S,sensitive,F,resistant,K,sensitive,T,resistant,I,resistant,L,sensitive,T,sensitive,2,2.77846960167715,3,2022-2023,2015-2023,b
LVAI062235,56.631035,25.118399,N_EUR,2022,Latvia,A,resistant,S,sensitive,F,resistant,K,sensitive,T,resistant,I,resistant,L,sensitive,T,sensitive,2,2.70844874405974,3,2022-2023,2015-2023,b
NCSU_EG_02_05,30.6,31.57,ME,2015/2016,Egypt,G,sensitive,S,sensitive,Y,sensitive,K,sensitive,S,sensitive,I,resistant,F,resistant,S,resistant,0,0.945152091254753,1,2007-2020,2015-2023,p
NCSU_EG_02_12,28.08,30.76,S_EUR2,2015/2016,Egypt,G,sensitive,S,sensitive,Y,sensitive,N,resistant,S,sensitive,K,sensitive,L,sensitive,T,sensitive,1,1.14341617523168,1,2007-2020,2015-2023,n
NCSU_EG_02_19,26.15,32.71,ME,2015/2016,Egypt,G,sensitive,S,sensitive,Y,sensitive,K,sensitive,S,sensitive,I,resistant,L,sensitive,T,sensitive,0,1.15540008041817,1,2007-2020,2015-2023,p
NCSU_EG_03_02,26.15,32.71,ME,2015/2016,Egypt,G,sensitive,S,sensitive,Y,sensitive,K,sensitive,S,sensitive,I,resistant,L,sensitive,T,sensitive,0,1.05314071294559,1,2007-2020,2015-2023,p
NCSU_EG_03_05,31.2,29.9,S_EUR2,2015/2016,Egypt,G,sensitive,S,sensitive,Y,sensitive,K,sensitive,S,sensitive,I,resistant,F,resistant,S,resistant,0,1.21962852897474,1,2007-2020,2015-2023,p
NCSU_EG_03_06,26.15,32.71,ME,2015/2016,Egypt,G,sensitive,S,sensitive,Y,sensitive,N,resistant,S,sensitive,K,sensitive,L,sensitive,T,sensitive,1,1.02208877284595,1,2007-2020,2015-2023,n
NCSU_EG_03_07,26.15,32.71,ME,2015/2016,Egypt,G,sensitive,S,sensitive,Y,sensitive,K,sensitive,S,sensitive,I,resistant,L,sensitive,T,sensitive,0,0.983755535872454,1,2007-2020,2015-2023,p
NCSU_EG_04_02,26.15,32.71,ME,2015/2016,Egypt,G,sensitive,S,sensitive,F,resistant,N,resistant,S,sensitive,K,sensitive,L,sensitive,T,sensitive,2,1.87639979602244,2,2007-2020,2015-2023,d
NCSU_EG_04_04,26.55,31.69,ME,2015/2016,Egypt,G,sensitive,S,sensitive,Y,sensitive,K,sensitive,S,sensitive,I,resistant,L,sensitive,T,sensitive,0,1.20081901489118,1,2007-2020,2015-2023,p
NCSU_EG_04_07,31.1,30.93,ME,2015/2016,Egypt,G,sensitive,S,sensitive,F,resistant,K,sensitive,S,sensitive,I,resistant,L,sensitive,T,sensitive,1,2.39661079099005,2,2007-2020,2015-2023,a
NCSU_EG_04_14,28.08,30.76,S_EUR2,2015/2016,Egypt,G,sensitive,S,sensitive,Y,sensitive,N,resistant,S,sensitive,K,sensitive,L,sensitive,T,sensitive,1,1.06971277842907,1,2007-2020,2015-2023,n
NCSU_EG_04_16,26.15,32.71,ME,2015/2016,Egypt,G,sensitive,S,sensitive,Y,sensitive,K,sensitive,S,sensitive,I,resistant,L,sensitive,T,sensitive,0,1.12989207139892,1,2007-2020,2015-2023,p
NCSU_EG_04_18,31.1,30.93,ME,2015/2016,Egypt,G,sensitive,S,sensitive,F,resistant,N,resistant,S,sensitive,K,sensitive,L,sensitive,T,sensitive,2,2.27709497206704,2,2007-2020,2015-2023,d
NCSU_EG_05_10,31.1,30.93,ME,2015/2016,Egypt,G,sensitive,S,sensitive,F,resistant,N,resistant,S,sensitive,K,sensitive,L,sensitive,T,sensitive,2,2.08647389107243,2,2007-2020,2015-2023,d
NCSU_EG_05_11,28.08,30.76,S_EUR2,2015/2016,Egypt,G,sensitive,S,sensitive,Y,sensitive,N,resistant,S,sensitive,K,sensitive,L,sensitive,T,sensitive,1,0.955041916167665,1,2007-2020,2015-2023,n
NCSU_EG_05_13,31.2,29.9,S_EUR2,2015/2016,Egypt,G,sensitive,S,sensitive,Y,sensitive,K,sensitive,S,sensitive,I,resistant,F,resistant,S,resistant,0,1.01465306122449,1,2007-2020,2015-2023,p
NCSU_EG_05_17,26.15,32.71,ME,2015/2016,Egypt,G,sensitive,S,sensitive,Y,sensitive,K,sensitive,S,sensitive,I,resistant,L,sensitive,T,sensitive,0,1.0837152953054,1,2007-2020,2015-2023,p
NCSU_EG_05_18,31.1,30.93,ME,2015/2016,Egypt,G,sensitive,S,sensitive,Y,sensitive,K,sensitive,S,sensitive,I,resistant,L,sensitive,T,sensitive,0,1.40674663545933,1,2007-2020,2015-2023,p
NCSU_EG_05_24,31.16,31.49,ME,2015/2016,Egypt,G,sensitive,T,resistant,F,resistant,N,resistant,S,sensitive,I,resistant,L,sensitive,T,sensitive,3,2.09901728844404,2,2007-2020,2015-2023,e
NCSU_EG_06_18,26.55,31.69,ME,2015/2016,Egypt,G,sensitive,S,sensitive,Y,sensitive,N,resistant,S,sensitive,K,sensitive,L,sensitive,T,sensitive,1,1.22379568106312,1,2007-2020,2015-2023,n
NCSU_EG_07_15,31.2,29.9,S_EUR2,2015/2016,Egypt,G,sensitive,S,sensitive,Y,sensitive,K,sensitive,S,sensitive,I,resistant,F,resistant,S,resistant,0,1.07293159609121,1,2007-2020,2015-2023,p
NCSU_EG_07_18,31.16,31.49,ME,2015/2016,Egypt,G,sensitive,T,resistant,F,resistant,N,resistant,S,sensitive,I,resistant,L,sensitive,T,sensitive,3,2.14845520082389,2,2007-2020,2015-2023,e
NCSU_EG_07_21,26.15,32.71,ME,2015/2016,Egypt,G,sensitive,S,sensitive,Y,sensitive,K,sensitive,S,sensitive,I,resistant,L,sensitive,T,sensitive,0,1.29022018348624,1,2007-2020,2015-2023,p
NCSU_EG_07_22,31.16,31.49,ME,2015/2016,Egypt,G,sensitive,S,sensitive,F,resistant,N,resistant,S,sensitive,K,sensitive,L,sensitive,T,sensitive,2,2.51237692690204,3,2007-2020,2015-2023,d
NCSU_EG_07_23,31.2,29.9,S_EUR2,2015/2016,Egypt,G,sensitive,S,sensitive,Y,sensitive,K,sensitive,S,sensitive,I,resistant,F,resistant,S,resistant,0,1.00387203530061,1,2007-2020,2015-2023,p
NCSU_EG_08_02,26.15,32.71,ME,2015/2016,Egypt,G,sensitive,S,sensitive,Y,sensitive,K,sensitive,S,sensitive,I,resistant,F,resistant,S,resistant,0,0.956311677631579,1,2007-2020,2015-2023,p
NCSU_EG_08_03,31.16,31.49,ME,2015/2016,Egypt,G,sensitive,T,resistant,F,resistant,N,resistant,S,sensitive,I,resistant,L,sensitive,T,sensitive,3,2.23697247706422,2,2007-2020,2015-2023,e
NCSU_EG_08_04,26.55,31.69,ME,2015/2016,Egypt,G,sensitive,S,sensitive,Y,sensitive,N,resistant,S,sensitive,K,sensitive,L,sensitive,T,sensitive,1,1.11657894736842,1,2007-2020,2015-2023,n
NCSU_EG_08_05,31.2,29.9,S_EUR2,2015/2016,Egypt,G,sensitive,S,sensitive,Y,sensitive,K,sensitive,S,sensitive,I,resistant,F,resistant,S,resistant,0,1.1577277486911,1,2007-2020,2015-2023,p
NCSU_EG_08_06,31.1,30.93,ME,2015/2016,Egypt,G,sensitive,S,sensitive,F,resistant,N,resistant,S,sensitive,K,sensitive,L,sensitive,T,sensitive,2,2.27442248722317,2,2007-2020,2015-2023,d
NCSU_EG_08_07,30.6,31.57,ME,2015/2016,Egypt,G,sensitive,S,sensitive,Y,sensitive,N,resistant,S,sensitive,K,sensitive,L,sensitive,T,sensitive,1,1.17506581740977,1,2007-2020,2015-2023,n
NCSU_EG_08_08,31.2,29.9,S_EUR2,2015/2016,Egypt,G,sensitive,S,sensitive,Y,sensitive,K,sensitive,S,sensitive,I,resistant,F,resistant,S,resistant,0,1.13439147504206,1,2007-2020,2015-2023,p
NCSU_EG_08_09,31.1,30.93,ME,2015/2016,Egypt,G,sensitive,S,sensitive,F,resistant,N,resistant,S,sensitive,K,sensitive,L,sensitive,T,sensitive,2,2.90513652756311,3,2007-2020,2015-2023,d
NCSU_EG_08_16,31.1,30.93,ME,2015/2016,Egypt,G,sensitive,T,resistant,F,resistant,N,resistant,S,sensitive,I,resistant,L,sensitive,T,sensitive,3,2.19024068767908,2,2007-2020,2015-2023,e
NCSU_EG_08_19,31.2,29.9,S_EUR2,2015/2016,Egypt,G,sensitive,S,sensitive,Y,sensitive,K,sensitive,S,sensitive,I,resistant,F,resistant,S,resistant,0,1.21839499739448,1,2007-2020,2015-2023,p
NCSU_RU_02_11,47.29,39.6,TUR,2017,Russia,G,sensitive,T,resistant,F,resistant,N,resistant,S,sensitive,I,resistant,L,sensitive,T,sensitive,3,3.64309591154538,4,2007-2020,2015-2023,e
NCSU_RU_02_15,47.29,39.6,TUR,2017,Russia,G,sensitive,T,resistant,F,resistant,N,resistant,S,sensitive,I,resistant,L,sensitive,T,sensitive,3,3.80455830388693,4,2007-2020,2015-2023,e
NCSU_RU_02_22,47.29,39.6,TUR,2017,Russia,G,sensitive,T,resistant,F,resistant,N,resistant,S,sensitive,I,resistant,L,sensitive,T,sensitive,3,3.80840100812097,4,2007-2020,2015-2023,e
NCSU_RU_03_22,47.29,39.6,TUR,2017,Russia,G,sensitive,S,sensitive,F,resistant,K,sensitive,S,sensitive,I,resistant,L,sensitive,T,sensitive,1,2.09648669201521,2,2007-2020,2015-2023,a
NCSU_RU_04_12,47.29,39.6,TUR,2017,Russia,G,sensitive,T,resistant,F,resistant,N,resistant,S,sensitive,I,resistant,L,sensitive,T,sensitive,3,2.7440251572327,3,2007-2020,2015-2023,e
NCSU_RU_05_08,45.1,39.03,TUR,2017,Russia,G,sensitive,S,sensitive,Y,sensitive,K,sensitive,S,sensitive,I,resistant,L,sensitive,T,sensitive,0,1.9296568627451,2,2007-2020,2015-2023,p
NCSU_RU_05_19,47.29,39.6,TUR,2017,Russia,G,sensitive,T,resistant,F,resistant,N,resistant,S,sensitive,I,resistant,L,sensitive,T,sensitive,3,2.00501078582435,2,2007-2020,2015-2023,e
NCSU_RU_06_11,47.29,39.6,TUR,2017,Russia,G,sensitive,T,resistant,F,resistant,N,resistant,S,sensitive,I,resistant,L,sensitive,T,sensitive,3,4.30488048916065,4,2007-2020,2015-2023,e
NCSU_TR_01_01,39.8,30.55,TUR,2017,Turkey,G,sensitive,S,sensitive,F,resistant,N,resistant,S,sensitive,K,sensitive,L,sensitive,T,sensitive,2,2.22484848484849,2,2007-2020,2015-2023,d
NCSU_TR_01_02,38.6,27.05,TUR,2018,Turkey,A,resistant,S,sensitive,Y,sensitive,K,sensitive,S,sensitive,I,resistant,L,sensitive,T,sensitive,0,1.89945432977461,2,2007-2020,2015-2023,p
NCSU_TR_01_03,41.65,26.54,TUR,2017,Turkey,G,sensitive,T,resistant,F,resistant,N,resistant,S,sensitive,I,resistant,L,sensitive,T,sensitive,3,2.53259677419355,3,2007-2020,2015-2023,e
NCSU_TR_01_08,36.95,35.38,ME,2017,Turkey,G,sensitive,S,sensitive,Y,sensitive,K,sensitive,S,sensitive,I,resistant,L,sensitive,T,sensitive,0,0.976829415310428,1,2007-2020,2015-2023,p
NCSU_TR_01_10,36.95,35.38,ME,2017,Turkey,G,sensitive,S,sensitive,Y,sensitive,K,sensitive,S,sensitive,I,resistant,L,sensitive,T,sensitive,0,1.17289377289377,1,2007-2020,2015-2023,p
NCSU_TR_01_17,40.81,30.4,TUR,2018,Turkey,G,sensitive,T,resistant,F,resistant,N,resistant,S,sensitive,I,resistant,L,sensitive,T,sensitive,3,3.91784090909091,4,2007-2020,2015-2023,e
NCSU_TR_01_18,41.65,26.54,TUR,2017,Turkey,G,sensitive,T,resistant,F,resistant,N,resistant,S,sensitive,I,resistant,L,sensitive,T,sensitive,3,4.67268171806167,5,2007-2020,2015-2023,e
NCSU_TR_01_19,38.6,27.05,N_EUR,2018,Turkey,A,resistant,S,sensitive,F,resistant,K,sensitive,T,resistant,I,resistant,L,sensitive,T,sensitive,2,3.0822969837587,3,2007-2020,2015-2023,b
NCSU_TR_01_20,39.8,30.55,TUR,2017,Turkey,G,sensitive,T,resistant,F,resistant,N,resistant,S,sensitive,I,resistant,L,sensitive,T,sensitive,3,4.54959386281588,5,2007-2020,2015-2023,e
NCSU_TR_02_01,40.81,30.4,TUR,2018,Turkey,G,sensitive,S,sensitive,F,resistant,K,sensitive,S,sensitive,I,resistant,L,sensitive,T,sensitive,1,2.00490644490645,2,2007-2020,2015-2023,a
NCSU_TR_02_02,41.65,26.54,TUR,2017,Turkey,G,sensitive,T,resistant,F,resistant,N,resistant,S,sensitive,I,resistant,L,sensitive,T,sensitive,3,4.07348871085215,4,2007-2020,2015-2023,e
NCSU_TR_02_04,38.6,27.05,N_EUR,2018,Turkey,G,sensitive,S,sensitive,F,resistant,K,sensitive,T,resistant,I,resistant,L,sensitive,T,sensitive,2,3.17245541838134,3,2007-2020,2015-2023,b
NCSU_TR_02_09,38.6,27.05,N_EUR,2018,Turkey,G,sensitive,S,sensitive,F,resistant,K,sensitive,T,resistant,I,resistant,L,sensitive,T,sensitive,2,3.00830296720458,3,2007-2020,2015-2023,b
NCSU_TR_02_10,40.81,30.4,TUR,2018,Turkey,G,sensitive,T,resistant,F,resistant,N,resistant,S,sensitive,I,resistant,L,sensitive,T,sensitive,3,4.2682859399684,4,2007-2020,2015-2023,e
NCSU_TR_02_13,36.95,35.38,ME,2017,Turkey,G,sensitive,S,sensitive,Y,sensitive,N,resistant,S,sensitive,I,resistant,L,sensitive,T,sensitive,1,1.06492509363296,1,2007-2020,2015-2023,n
NCSU_TR_02_14,41.65,26.54,TUR,2017,Turkey,G,sensitive,T,resistant,F,resistant,N,resistant,S,sensitive,I,resistant,L,sensitive,T,sensitive,3,3.89391663537364,4,2007-2020,2015-2023,e
NCSU_TR_02_16,40.81,30.4,TUR,2018,Turkey,G,sensitive,T,resistant,F,resistant,N,resistant,S,sensitive,I,resistant,L,sensitive,T,sensitive,3,4.27320394960844,4,2007-2020,2015-2023,e
NCSU_TR_02_17,39.8,30.55,TUR,2017,Turkey,G,sensitive,T,resistant,F,resistant,N,resistant,S,sensitive,I,resistant,L,sensitive,T,sensitive,3,5.70549674267101,6,2007-2020,2015-2023,e
NCSU_TR_02_18,36.95,35.38,ME,2017,Turkey,G,sensitive,S,sensitive,Y,sensitive,K,sensitive,S,sensitive,I,resistant,L,sensitive,T,sensitive,0,1.17158221641059,1,2007-2020,2015-2023,p
NCSU_TR_02_20,40.81,30.4,TUR,2018,Turkey,G,sensitive,T,resistant,F,resistant,N,resistant,S,sensitive,I,resistant,L,sensitive,T,sensitive,3,3.33594611145132,3,2007-2020,2015-2023,e
NCSU_TR_02_21,41.65,26.54,TUR,2017,Turkey,G,sensitive,T,resistant,F,resistant,N,resistant,S,sensitive,I,resistant,L,sensitive,T,sensitive,3,4.475619681835,4,2007-2020,2015-2023,e
NCSU_TR_02_23,39.8,30.55,TUR,2017,Turkey,G,sensitive,T,resistant,F,resistant,N,resistant,S,sensitive,I,resistant,L,sensitive,T,sensitive,3,4.69539124668435,5,2007-2020,2015-2023,e
NCSU_TR_03_01,38.6,27.05,N_EUR,2018,Turkey,G,sensitive,T,resistant,F,resistant,N,resistant,S,sensitive,I,resistant,L,sensitive,T,sensitive,3,5.58121212121212,6,2007-2020,2015-2023,e
NCSU_TR_03_03,36.95,35.38,ME,2017,Turkey,G,sensitive,S,sensitive,Y,sensitive,K,sensitive,S,sensitive,I,resistant,L,sensitive,T,sensitive,0,0.952073252688172,1,2007-2020,2015-2023,p
NCSU_TR_03_11,41.65,26.54,TUR,2017,Turkey,G,sensitive,T,resistant,F,resistant,N,resistant,S,sensitive,I,resistant,L,sensitive,T,sensitive,3,4.17967391304348,4,2007-2020,2015-2023,e
NCSU_TR_03_13,38.6,27.05,N_EUR,2018,Turkey,A,resistant,T,resistant,F,resistant,N,resistant,S,sensitive,I,resistant,L,sensitive,T,sensitive,3,5.85079086115993,6,2007-2020,2015-2023,e
NCSU_TR_03_14,36.95,35.38,ME,2017,Turkey,G,sensitive,S,sensitive,Y,sensitive,K,sensitive,S,sensitive,I,resistant,L,sensitive,T,sensitive,0,1.23767730496454,1,2007-2020,2015-2023,p
NCSU_TR_03_16,39.8,30.55,TUR,2017,Turkey,G,sensitive,T,resistant,F,resistant,N,resistant,S,sensitive,I,resistant,L,sensitive,T,sensitive,3,4.59534358047016,5,2007-2020,2015-2023,e
NCSU_TR_03_17,40.81,30.4,TUR,2018,Turkey,G,sensitive,T,resistant,F,resistant,N,resistant,S,sensitive,I,resistant,L,sensitive,T,sensitive,3,4.54963076923077,5,2007-2020,2015-2023,e
NCSU_TR_03_19,36.95,35.38,ME,2017,Turkey,G,sensitive,S,sensitive,Y,sensitive,N,resistant,S,sensitive,K,sensitive,L,sensitive,T,sensitive,1,1.02890858725762,1,2007-2020,2015-2023,n
NCSU_TR_03_20,38.6,27.05,N_EUR,2018,Turkey,G,sensitive,T,resistant,F,resistant,N,resistant,S,sensitive,I,resistant,L,sensitive,T,sensitive,3,6.31456654850145,6,2007-2020,2015-2023,e
NCSU_TR_03_23,40.81,30.4,TUR,2018,Turkey,G,sensitive,T,resistant,F,resistant,N,resistant,S,sensitive,I,resistant,L,sensitive,T,sensitive,3,2.90680787334189,3,2007-2020,2015-2023,e
NCSU_TR_04_01,41.65,26.54,TUR,2017,Turkey,G,sensitive,T,resistant,F,resistant,N,resistant,S,sensitive,I,resistant,L,sensitive,T,sensitive,3,2.92044467972472,3,2007-2020,2015-2023,e
NCSU_TR_04_03,39.8,30.55,TUR,2017,Turkey,G,sensitive,T,resistant,F,resistant,N,resistant,S,sensitive,I,resistant,L,sensitive,T,sensitive,3,2.15919530934088,2,2007-2020,2015-2023,e
NCSU_TR_04_05,39.8,30.55,TUR,2017,Turkey,G,sensitive,T,resistant,F,resistant,N,resistant,S,sensitive,I,resistant,L,sensitive,T,sensitive,3,5.09566694987256,5,2007-2020,2015-2023,e
NCSU_TR_04_06,41.65,26.54,TUR,2017,Turkey,G,sensitive,T,resistant,F,resistant,N,resistant,S,sensitive,I,resistant,L,sensitive,T,sensitive,3,3.70175122749591,4,2007-2020,2015-2023,e
NCSU_TR_04_08,41.65,26.54,TUR,2017,Turkey,G,sensitive,T,resistant,F,resistant,N,resistant,S,sensitive,I,resistant,L,sensitive,T,sensitive,3,2.86564588979223,3,2007-2020,2015-2023,e
NCSU_TR_04_09,41.65,26.54,TUR,2017,Turkey,G,sensitive,T,resistant,F,resistant,N,resistant,S,sensitive,I,resistant,L,sensitive,T,sensitive,3,2.84705086136177,3,2007-2020,2015-2023,e
NCSU_TR_04_10,36.95,35.38,ME,2017,Turkey,G,sensitive,S,sensitive,Y,sensitive,K,sensitive,S,sensitive,I,resistant,L,sensitive,T,sensitive,0,1.08952139231327,1,2007-2020,2015-2023,p
NCSU_TR_04_17,39.8,30.55,TUR,2017,Turkey,G,sensitive,T,resistant,F,resistant,N,resistant,S,sensitive,I,resistant,L,sensitive,T,sensitive,3,3.89315075376884,4,2007-2020,2015-2023,e
NCSU_TR_04_19,36.95,35.38,ME,2017,Turkey,G,sensitive,S,sensitive,Y,sensitive,N,resistant,S,sensitive,I,resistant,L,sensitive,T,sensitive,1,0.990179250407387,1,2007-2020,2015-2023,n
NCSU_TR_04_22,39.8,30.55,TUR,2017,Turkey,G,sensitive,S,sensitive,Y,sensitive,K,sensitive,S,sensitive,I,resistant,L,sensitive,T,sensitive,0,2.11816114109483,2,2007-2020,2015-2023,p
NCSU_TR_04_23,39.8,30.55,TUR,2017,Turkey,G,sensitive,T,resistant,F,resistant,N,resistant,S,sensitive,I,resistant,L,sensitive,T,sensitive,3,4.36396648044693,4,2007-2020,2015-2023,e
NCSU_TR_04_24,41.65,26.54,TUR,2017,Turkey,G,sensitive,T,resistant,F,resistant,N,resistant,S,sensitive,I,resistant,L,sensitive,T,sensitive,3,2.91900342172797,3,2007-2020,2015-2023,e
NCSU_TR_05_01,36.95,35.38,ME,2017,Turkey,G,sensitive,S,sensitive,F,resistant,K,sensitive,S,sensitive,I,resistant,L,sensitive,T,sensitive,1,1.96074807480748,2,2007-2020,2015-2023,a
NCSU_TR_05_02,39.8,30.55,TUR,2017,Turkey,G,sensitive,S,sensitive,Y,sensitive,K,sensitive,S,sensitive,I,resistant,L,sensitive,T,sensitive,0,2.04214238845144,2,2007-2020,2015-2023,p
NCSU_TR_05_03,39.8,30.55,TUR,2017,Turkey,G,sensitive,S,sensitive,F,resistant,K,sensitive,S,sensitive,I,resistant,L,sensitive,T,sensitive,1,2.29751237623762,2,2007-2020,2015-2023,a
NCSU_TR_05_04,36.95,35.38,ME,2017,Turkey,G,sensitive,S,sensitive,Y,sensitive,K,sensitive,S,sensitive,I,resistant,L,sensitive,T,sensitive,0,1.13524466338259,1,2007-2020,2015-2023,p
NCSU_TR_05_05,39.8,30.55,TUR,2017,Turkey,G,sensitive,T,resistant,F,resistant,N,resistant,S,sensitive,I,resistant,L,sensitive,T,sensitive,3,4.14252539912917,4,2007-2020,2015-2023,e
NCSU_TR_05_06,39.8,30.55,TUR,2017,Turkey,G,sensitive,T,resistant,F,resistant,N,resistant,S,sensitive,I,resistant,L,sensitive,T,sensitive,3,3.91965361445783,4,2007-2020,2015-2023,e
NCSU_TR_05_07,38.6,27.05,N_EUR,2018,Turkey,A,resistant,S,sensitive,F,resistant,K,sensitive,T,resistant,I,resistant,L,sensitive,T,sensitive,2,2.99457680250784,3,2007-2020,2015-2023,b
NCSU_TR_05_15,40.81,30.4,TUR,2018,Turkey,G,sensitive,T,resistant,F,resistant,N,resistant,S,sensitive,I,resistant,L,sensitive,T,sensitive,3,3.02646053702197,3,2007-2020,2015-2023,e
NCSU_TR_05_20,39.8,30.55,TUR,2017,Turkey,G,sensitive,S,sensitive,Y,sensitive,N,resistant,S,sensitive,I,resistant,L,sensitive,T,sensitive,1,0.876428571428571,1,2007-2020,2015-2023,n
NCSU_TR_05_22,39.8,30.55,TUR,2017,Turkey,G,sensitive,T,resistant,F,resistant,N,resistant,S,sensitive,I,resistant,L,sensitive,T,sensitive,3,2.01588377723971,2,2007-2020,2015-2023,e
NCSU_TR_06_05,41.65,26.54,TUR,2017,Turkey,G,sensitive,T,resistant,F,resistant,N,resistant,S,sensitive,I,resistant,L,sensitive,T,sensitive,3,6.64283740211884,7,2007-2020,2015-2023,e
NCSU_TR_06_10,38.6,27.05,N_EUR,2018,Turkey,A,resistant,T,resistant,F,resistant,N,resistant,S,sensitive,I,resistant,L,sensitive,T,sensitive,3,5.50105857445307,6,2007-2020,2015-2023,e
NCSU_TR_06_12,40.81,30.4,TUR,2018,Turkey,G,sensitive,S,sensitive,Y,sensitive,K,sensitive,S,sensitive,I,resistant,L,sensitive,T,sensitive,0,2.15234563106796,2,2007-2020,2015-2023,p
NCSU_TR_06_13,39.8,30.55,TUR,2017,Turkey,G,sensitive,S,sensitive,F,resistant,K,sensitive,S,sensitive,I,resistant,L,sensitive,T,sensitive,1,2.12333095831849,2,2007-2020,2015-2023,a
NCSU_TR_06_14,39.8,30.55,TUR,2017,Turkey,G,sensitive,T,resistant,F,resistant,N,resistant,S,sensitive,I,resistant,L,sensitive,T,sensitive,3,7.13957337256344,7,2007-2020,2015-2023,e
NCSU_TR_06_15,39.8,30.55,TUR,2017,Turkey,G,sensitive,S,sensitive,Y,sensitive,N,resistant,S,sensitive,I,resistant,L,sensitive,T,sensitive,1,0.884712063892392,1,2007-2020,2015-2023,n
NCSU_TR_06_16,40.81,30.4,TUR,2018,Turkey,G,sensitive,T,resistant,F,resistant,N,resistant,S,sensitive,I,resistant,L,sensitive,T,sensitive,3,3.12749088699878,3,2007-2020,2015-2023,e
NCSU_TR_06_17,39.8,30.55,TUR,2017,Turkey,G,sensitive,T,resistant,F,resistant,N,resistant,S,sensitive,I,resistant,L,sensitive,T,sensitive,3,2.15133852140078,2,2007-2020,2015-2023,e
NLNI042202,51.841595,5.862651,N_EUR,2022,Netherlands,A,resistant,S,sensitive,F,resistant,K,sensitive,T,resistant,I,resistant,L,sensitive,T,sensitive,2,2.74744981009224,3,2022-2023,2015-2023,b
NLNI042203,51.841595,5.862651,N_EUR,2022,Netherlands,A,resistant,S,sensitive,F,resistant,K,sensitive,T,resistant,I,resistant,L,sensitive,T,sensitive,2,2.6027552,3,2022-2023,2015-2023,b
NLTX072301,53.151129026273,4.85575686935028,N_EUR,2023,Netherlands,A,resistant,T,resistant,F,resistant,N,resistant,S,sensitive,I,resistant,L,sensitive,T,sensitive,3,3.6994495412844,4,2022-2023,2015-2023,e
NLTX072302,53.151129026273,4.85575686935028,N_EUR,2023,Netherlands,A,resistant,T,resistant,F,resistant,N,resistant,S,sensitive,I,resistant,L,sensitive,T,sensitive,3,3.87829328914664,4,2022-2023,2015-2023,e
PLBA092301,49.89493148,18.7321024145886,N_EUR,2023,Poland,G,sensitive,T,resistant,F,resistant,N,resistant,S,sensitive,I,resistant,L,sensitive,T,sensitive,3,3.80003868471954,4,2022-2023,2015-2023,e
PLBA092305,49.89493148,18.7321024145886,N_EUR,2023,Poland,A,resistant,S,sensitive,F,resistant,K,sensitive,T,resistant,I,resistant,L,sensitive,T,sensitive,2,2.61255405956752,3,2022-2023,2015-2023,b
PLBI082201,53.9872,16.0123,N_EUR,2022,Poland,G,sensitive,T,resistant,F,resistant,N,resistant,S,sensitive,I,resistant,L,sensitive,T,sensitive,3,4.20818040435459,4,2022-2023,2015-2023,e
PLCZ072206,51.300278,22.258444,N_EUR,2022,Poland,A,resistant,S,sensitive,F,resistant,K,sensitive,T,resistant,I,resistant,L,sensitive,T,sensitive,2,3.71119290298226,4,2022-2023,2015-2023,b
PLCZ072210,51.300278,22.258444,N_EUR,2022,Poland,A,resistant,S,sensitive,Y,sensitive,K,sensitive,S,sensitive,I,resistant,L,sensitive,T,sensitive,0,1.91777299801456,2,2022-2023,2015-2023,p
PLCZ072212,51.300278,22.258444,N_EUR,2022,Poland,A,resistant,S,sensitive,F,resistant,K,sensitive,T,resistant,I,resistant,L,sensitive,T,sensitive,2,2.51032644504343,3,2022-2023,2015-2023,b
PLCZ072215,51.300278,22.258444,N_EUR,2022,Poland,A,resistant,S,sensitive,F,resistant,K,sensitive,T,resistant,I,resistant,L,sensitive,T,sensitive,2,2.78258651551313,3,2022-2023,2015-2023,b
PLCZ072305,51.301894,22.255476,N_EUR,2023,Poland,A,resistant,T,resistant,F,resistant,N,resistant,S,sensitive,I,resistant,L,sensitive,T,sensitive,3,2.75039317858835,3,2022-2023,2015-2023,e
PLCZ072306,51.301894,22.255476,N_EUR,2023,Poland,A,resistant,S,sensitive,F,resistant,K,sensitive,T,resistant,I,resistant,L,sensitive,T,sensitive,2,2.49962446767325,2,2022-2023,2015-2023,b
PLKB092305,50.97025297,16.9353795081708,N_EUR,2023,Poland,G,sensitive,S,sensitive,Y,sensitive,K,sensitive,S,sensitive,I,resistant,L,sensitive,T,sensitive,0,1.83032053539979,2,2022-2023,2015-2023,p
PLKO082237,52.0085,16.8176,N_EUR,2022,Poland,G,sensitive,S,sensitive,F,resistant,K,sensitive,S,sensitive,I,resistant,L,sensitive,T,sensitive,1,1.77593863411415,2,2022-2023,2015-2023,a
PLKO082242,52.0085,16.8176,N_EUR,2022,Poland,A,resistant,S,sensitive,Y,sensitive,K,sensitive,S,sensitive,I,resistant,L,sensitive,T,sensitive,0,1.91184509569378,2,2022-2023,2015-2023,p
PLKO082243,52.0085,16.8176,N_EUR,2022,Poland,A,resistant,T,resistant,F,resistant,N,resistant,S,sensitive,I,resistant,L,sensitive,T,sensitive,3,3.89526200188265,4,2022-2023,2015-2023,e
PLNA082247,52.3199,17.1496,N_EUR,2022,Poland,A,resistant,S,sensitive,F,resistant,K,sensitive,T,resistant,I,resistant,L,sensitive,T,sensitive,2,2.89952290076336,3,2022-2023,2015-2023,b
PLNA082249,52.3199,17.1496,N_EUR,2022,Poland,A,resistant,S,sensitive,Y,sensitive,K,sensitive,S,sensitive,I,resistant,L,sensitive,T,sensitive,0,1.87844386080105,2,2022-2023,2015-2023,p
PLRA082254,52.2289,20.6159,S_EUR2,2022,Poland,A,resistant,S,sensitive,Y,sensitive,K,sensitive,S,sensitive,I,resistant,L,sensitive,T,sensitive,0,3.66409266409266,4,2022-2023,2015-2023,p
PLRA082257,52.2289,20.6159,N_EUR,2022,Poland,A,resistant,T,resistant,F,resistant,N,resistant,S,sensitive,I,resistant,L,sensitive,T,sensitive,3,3.43075204765451,3,2022-2023,2015-2023,e
PLRA082270,52.2289,20.6159,N_EUR,2022,Poland,A,resistant,T,resistant,F,resistant,N,resistant,S,sensitive,I,resistant,L,sensitive,T,sensitive,3,4.29932546374368,4,2022-2023,2015-2023,e
PLRA092320,52.21651391,20.6504280750113,N_EUR,2023,Poland,G,sensitive,T,resistant,F,resistant,N,resistant,S,sensitive,I,resistant,L,sensitive,T,sensitive,3,2.43084532374101,2,2022-2023,2015-2023,e
PLRA092321,52.21651391,20.6504280750113,N_EUR,2023,Poland,A,resistant,S,sensitive,Y,sensitive,K,sensitive,S,sensitive,I,resistant,L,sensitive,T,sensitive,0,1.86237354085603,2,2022-2023,2015-2023,p
PLRA092322,52.2165139100872,20.6504280750113,N_EUR,2023,Poland,G,sensitive,T,resistant,F,resistant,N,resistant,S,sensitive,I,resistant,L,sensitive,T,sensitive,3,3.70053975903614,4,2022-2023,2015-2023,e
PLSK082271,49.9321,22.8091,N_EUR,2022,Poland,A,resistant,S,sensitive,F,resistant,K,sensitive,T,resistant,I,resistant,L,sensitive,T,sensitive,2,2.70173124484749,3,2022-2023,2015-2023,b
PLSK082274,49.9321,22.8091,N_EUR,2022,Poland,A,resistant,T,resistant,F,resistant,N,resistant,S,sensitive,I,resistant,L,sensitive,T,sensitive,3,2.81109266943292,3,2022-2023,2015-2023,e
PLSK082276,49.9321,22.8091,N_EUR,2022,Poland,A,resistant,S,sensitive,F,resistant,K,sensitive,S,sensitive,I,resistant,L,sensitive,T,sensitive,1,2.02279823269514,2,2022-2023,2015-2023,a
PLSK092301,49.9341297003914,22.818170696565,N_EUR,2023,Poland,A,resistant,S,sensitive,F,resistant,K,sensitive,T,resistant,I,resistant,L,sensitive,T,sensitive,2,2.5286790638025,3,2022-2023,2015-2023,b
PLSK092305,49.9341297,22.818170696565,N_EUR,2023,Poland,A,resistant,T,resistant,F,resistant,N,resistant,S,sensitive,I,resistant,L,sensitive,T,sensitive,3,3.67041755432467,4,2022-2023,2015-2023,e
PLSM082283,51.6987,17.1794,N_EUR,2022,Poland,A,resistant,T,resistant,F,resistant,N,resistant,S,sensitive,I,resistant,L,sensitive,T,sensitive,3,4.58962940824865,5,2022-2023,2015-2023,e
PLSM082285,51.6987,17.1794,N_EUR,2022,Poland,A,resistant,S,sensitive,F,resistant,K,sensitive,T,resistant,I,resistant,L,sensitive,T,sensitive,2,2.87323256510027,3,2022-2023,2015-2023,b
PLSM082286,51.6987,17.1794,N_EUR,2022,Poland,A,resistant,S,sensitive,F,resistant,K,sensitive,T,resistant,I,resistant,L,sensitive,T,sensitive,2,2.64020365895754,3,2022-2023,2015-2023,b
PLSM092311,51.70576312,17.1658711553491,N_EUR,2023,Poland,A,resistant,T,resistant,F,resistant,N,resistant,S,sensitive,I,resistant,L,sensitive,T,sensitive,3,4.24676632092739,4,2022-2023,2015-2023,e
POL_1,51.8503,16.5819,N_EUR,2017,Poland,G,sensitive,T,resistant,F,resistant,N,resistant,S,sensitive,I,resistant,L,sensitive,T,sensitive,3,4.66197735191638,5,2007-2020,2015-2023,e
POL_3,51.865278000000004,17.161111,N_EUR,2018,Poland,A,resistant,T,resistant,F,resistant,N,resistant,S,sensitive,I,resistant,L,sensitive,T,sensitive,3,4.59960652051714,5,2007-2020,2015-2023,e
POL_5,50.156667,18.132778,N_EUR,2018,Poland,G,sensitive,T,resistant,F,resistant,N,resistant,S,sensitive,I,resistant,L,sensitive,T,sensitive,3,4.59446947972143,5,2007-2020,2015-2023,e
POL_6,54.0586,18.8646,N_EUR,2018,Poland,A,resistant,T,resistant,F,resistant,N,resistant,S,sensitive,I,resistant,L,sensitive,T,sensitive,3,3.68249583234103,4,2007-2020,2015-2023,e
PTOD042301,37.654722,-8.394167,S_EUR2,2023,Portugal,G,sensitive,S,sensitive,Y,sensitive,K,sensitive,S,sensitive,I,resistant,L,sensitive,T,sensitive,0,0.852103354487761,1,2022-2023,2015-2023,p
ROGT052201,45.9407,20.6845,N_EUR,2022,Romania,G,sensitive,T,resistant,F,resistant,N,resistant,S,sensitive,I,resistant,L,sensitive,T,sensitive,3,5.70429600198659,6,2022-2023,2015-2023,e
ROGT052209,45.9407,20.6845,N_EUR,2022,Romania,G,sensitive,S,sensitive,F,resistant,K,sensitive,T,resistant,I,resistant,L,sensitive,T,sensitive,2,2.73185881274352,3,2022-2023,2015-2023,b
ROLV052202,45.96114,20.76975,N_EUR,2022,Romania,A,resistant,S,sensitive,F,resistant,K,sensitive,T,resistant,I,resistant,L,sensitive,T,sensitive,2,1.95591145038168,2,2022-2023,2015-2023,b
ROLV052206,45.96114,20.76975,N_EUR,2022,Romania,G,sensitive,T,resistant,F,resistant,N,resistant,S,sensitive,I,resistant,L,sensitive,T,sensitive,3,3.8552589428724,4,2022-2023,2015-2023,e
ROLV052209,45.96114,20.76975,N_EUR,2022,Romania,A,resistant,T,resistant,F,resistant,N,resistant,S,sensitive,I,resistant,L,sensitive,T,sensitive,3,2.70083448085927,3,2022-2023,2015-2023,e
SEAB072243,58.241124,14.713719,N_EUR,2022,Sweden,A,resistant,T,resistant,F,resistant,N,resistant,S,sensitive,I,resistant,L,sensitive,T,sensitive,3,3.68730534867976,4,2022-2023,2015-2023,e
SEAB072246,58.241124,14.713719,N_EUR,2022,Sweden,G,sensitive,T,resistant,F,resistant,N,resistant,S,sensitive,I,resistant,L,sensitive,T,sensitive,3,2.5452192,3,2022-2023,2015-2023,e
SEUP072201,59.73003,17.797,N_EUR,2022,Sweden,G,sensitive,T,resistant,F,resistant,N,resistant,S,sensitive,I,resistant,L,sensitive,T,sensitive,3,3.68794413407821,4,2022-2023,2015-2023,e
SEUP072203,59.73003,17.797,N_EUR,2022,Sweden,G,sensitive,T,resistant,F,resistant,N,resistant,S,sensitive,I,resistant,L,sensitive,T,sensitive,3,3.54377852144813,4,2022-2023,2015-2023,e
SEUP072204,59.73003,17.797,N_EUR,2022,Sweden,G,sensitive,T,resistant,F,resistant,N,resistant,S,sensitive,I,resistant,L,sensitive,T,sensitive,3,3.67321749550629,4,2022-2023,2015-2023,e
TRSA062307,40.73,30.37,TUR,2023,Turkey,A,resistant,T,resistant,F,resistant,N,resistant,S,sensitive,I,resistant,L,sensitive,T,sensitive,3,3.32038123167155,3,2022-2023,2015-2023,e
TRSA062309,40.73,30.37,TUR,2023,Turkey,G,sensitive,T,resistant,F,resistant,N,resistant,S,sensitive,I,resistant,L,sensitive,T,sensitive,3,2.78030990173847,3,2022-2023,2015-2023,e
TRSA062310,40.73,30.37,TUR,2023,Turkey,G,sensitive,T,resistant,F,resistant,N,resistant,S,sensitive,I,resistant,L,sensitive,T,sensitive,3,3.79152974504249,4,2022-2023,2015-2023,e
TUR_1a,40.783333,30.4,TUR,2018,Turkey,G,sensitive,T,resistant,F,resistant,N,resistant,S,sensitive,I,resistant,L,sensitive,T,sensitive,3,2.93114689945816,3,2007-2020,2015-2023,e
TUR_1b,40.783333,30.4,TUR,2018,Turkey,G,sensitive,T,resistant,F,resistant,N,resistant,S,sensitive,I,resistant,L,sensitive,T,sensitive,3,3.61122682445759,4,2007-2020,2015-2023,e
TUR_1c,40.783333,30.4,TUR,2018,Turkey,G,sensitive,T,resistant,F,resistant,N,resistant,S,sensitive,I,resistant,L,sensitive,T,sensitive,3,2.98511436413541,3,2007-2020,2015-2023,e
UKCA042302,52.241737,0.094761,N_EUR,2023,United Kingdom,A,resistant,S,sensitive,F,resistant,K,sensitive,S,sensitive,I,resistant,L,sensitive,T,sensitive,1,2.53655301455301,3,2022-2023,2015-2023,a
UKCA042310,52.241737,0.094761,N_EUR,2023,United Kingdom,A,resistant,S,sensitive,F,resistant,K,sensitive,T,resistant,I,resistant,L,sensitive,T,sensitive,2,3.58668309512075,4,2022-2023,2015-2023,b
UKCA042316,52.088238,0.177811,N_EUR,2023,United Kingdom,A,resistant,S,sensitive,F,resistant,K,sensitive,T,resistant,I,resistant,L,sensitive,T,sensitive,2,2.7383119266055,3,2022-2023,2015-2023,b
UKCA042327,52.088238,0.177811,N_EUR,2023,United Kingdom,A,resistant,T,resistant,F,resistant,N,resistant,S,sensitive,I,resistant,L,sensitive,T,sensitive,3,3.80797910990009,4,2022-2023,2015-2023,e
UKCA092201,52.2427,0.0953,N_EUR,2022,United Kingdom,A,resistant,S,sensitive,F,resistant,K,sensitive,T,resistant,I,resistant,L,sensitive,T,sensitive,2,2.54561998541211,3,2022-2023,2015-2023,b
UKCA092202,52.2427,0.0953,N_EUR,2022,United Kingdom,A,resistant,T,resistant,F,resistant,N,resistant,S,sensitive,I,resistant,L,sensitive,T,sensitive,3,4.33417341734173,4,2022-2023,2015-2023,e
UKCA092203,52.2427,0.0953,N_EUR,2022,United Kingdom,A,resistant,T,resistant,F,resistant,N,resistant,S,sensitive,I,resistant,L,sensitive,T,sensitive,3,4.45802067946824,4,2022-2023,2015-2023,e
UKCA092204,52.2427,0.0953,N_EUR,2022,United Kingdom,A,resistant,S,sensitive,F,resistant,K,sensitive,T,resistant,I,resistant,L,sensitive,T,sensitive,2,2.7984361005856,3,2022-2023,2015-2023,b
UKCA092205,52.2427,0.0953,N_EUR,2022,United Kingdom,A,resistant,T,resistant,F,resistant,N,resistant,S,sensitive,I,resistant,L,sensitive,T,sensitive,3,5.17976827094474,5,2022-2023,2015-2023,e
